KalmanPitch,KalmanYaw,LinearAccelMag,TotalAccelMag,GyroMag,lat,lng,kecepatan,sat,throttle,arus,millis
6.71,-9.77,0.62,9.88,0.58,-6.910292,107.675446,0.11,12,0,9.16,639009
6.70,-9.75,0.62,9.83,0.66,-6.910292,107.675446,0.24,12,0,6.10,639216
6.68,-9.73,0.62,9.87,0.64,-6.910292,107.675446,0.30,12,0,7.63,639423
6.64,-9.74,0.68,9.89,0.74,-6.910292,107.675446,0.50,12,0,9.16,639630
6.61,-9.78,0.65,9.82,0.91,-6.910292,107.675446,0.13,12,0,7.63,639837
6.62,-9.78,0.68,9.88,0.71,-6.910292,107.675446,0.35,12,0,9.16,640044
6.62,-9.78,0.69,9.84,0.75,-6.910292,107.675446,0.43,12,0,9.16,640251
6.62,-9.77,0.66,9.84,0.64,-6.910292,107.675446,0.43,12,0,9.16,640461
6.62,-9.79,0.67,9.84,0.82,-6.910292,107.675446,0.17,12,0,7.63,640668
6.61,-9.79,0.66,9.83,0.75,-6.910292,107.675446,0.22,12,0,9.16,640875
6.59,-9.77,0.71,9.93,0.68,-6.910292,107.675446,0.09,12,0,7.63,641082
6.62,-9.74,0.68,9.87,0.65,-6.910292,107.675446,0.02,12,0,7.63,641289
6.61,-9.69,0.62,9.84,0.54,-6.910292,107.675446,0.11,12,0,7.63,641496
6.62,-9.67,0.64,9.86,0.77,-6.910292,107.675446,0.11,12,0,10.68,641703
6.61,-9.64,0.70,9.86,0.55,-6.910292,107.675446,0.04,12,0,6.10,641912
6.63,-9.67,0.75,9.83,0.86,-6.910292,107.675446,0.24,12,0,7.63,642119
6.63,-9.70,0.67,9.86,0.81,-6.910292,107.675446,0.09,12,0,7.63,642326
6.61,-9.72,0.67,9.90,0.80,-6.910292,107.675446,0.09,12,0,9.16,642533
6.63,-9.72,0.64,9.87,0.82,-6.910292,107.675446,0.46,12,0,7.63,642740
6.64,-9.75,0.63,9.91,0.84,-6.910292,107.675446,0.22,12,0,7.63,642947
6.64,-9.76,0.68,9.89,0.82,-6.910292,107.675446,0.15,12,0,9.16,643154
6.68,-9.75,0.68,9.86,0.83,-6.910292,107.675446,0.06,12,0,9.16,643363
6.67,-9.74,0.61,9.87,0.69,-6.910292,107.675446,0.11,12,0,6.10,643570
6.64,-9.73,0.64,9.94,0.66,-6.910292,107.675446,0.22,12,0,9.16,643777
6.64,-9.74,0.69,9.91,0.82,-6.910292,107.675446,0.07,12,0,0.00,643984
6.63,-9.72,0.63,9.81,0.62,-6.910292,107.675446,0.09,12,0,9.16,644191
6.63,-9.73,0.63,9.82,0.82,-6.910292,107.675446,0.24,12,0,7.63,644398
6.64,-9.73,0.65,9.74,0.75,-6.910292,107.675446,0.22,12,0,9.16,644605
6.63,-9.71,0.64,9.86,0.67,-6.910292,107.675446,0.02,12,0,6.10,644814
6.65,-9.70,0.73,9.91,0.81,-6.910292,107.675446,0.09,12,0,6.10,645021
6.64,-9.70,0.65,9.87,0.69,-6.910292,107.675446,0.11,12,0,6.10,645228
6.64,-9.69,0.66,9.85,0.76,-6.910292,107.675446,0.02,12,0,6.10,645435
6.63,-9.67,0.67,9.83,0.64,-6.910292,107.675446,0.22,12,0,6.10,645642
6.62,-9.69,0.70,9.87,0.81,-6.910292,107.675446,0.09,12,0,7.63,645849
6.62,-9.68,0.61,9.82,0.71,-6.910292,107.675446,0.07,12,0,6.10,646056
6.64,-9.66,0.68,9.89,0.69,-6.910293,107.675446,0.07,12,0,9.16,646265
6.67,-9.66,0.63,9.83,0.85,-6.910293,107.675446,0.07,12,0,0.00,646472
6.66,-9.67,0.64,9.81,0.76,-6.910293,107.675446,0.07,12,0,7.63,646679
6.67,-9.65,0.69,9.87,0.71,-6.910293,107.675446,0.04,12,0,6.10,646886
6.66,-9.61,0.63,9.84,0.59,-6.910293,107.675446,0.15,12,0,9.16,647093
6.65,-9.61,0.69,9.90,0.78,-6.910293,107.675446,0.07,12,0,6.10,647300
6.62,-9.58,0.60,9.88,0.64,-6.910293,107.675446,0.35,12,0,7.63,647507
6.66,-9.60,0.73,9.85,0.91,-6.910293,107.675446,0.35,12,0,0.00,647716
6.66,-9.65,0.65,9.81,0.89,-6.910293,107.675446,0.11,12,0,7.63,647923
6.67,-9.65,0.69,9.87,0.82,-6.910293,107.675446,0.20,12,0,0.00,648130
6.65,-9.68,0.69,9.86,0.80,-6.910293,107.675446,0.20,12,0,7.63,648337
6.65,-9.70,0.65,9.84,0.78,-6.910293,107.675446,0.30,12,0,6.10,648544
6.62,-9.67,0.60,9.91,0.59,-6.910294,107.675446,0.30,12,0,9.16,648751
6.61,-9.66,0.62,9.92,0.78,-6.910294,107.675446,0.09,12,0,6.10,648958
6.61,-9.64,0.64,9.88,0.67,-6.910294,107.675446,0.04,12,0,7.63,649167
6.59,-9.63,0.67,9.92,0.67,-6.910294,107.675446,0.07,12,0,0.00,649374
6.59,-9.65,0.66,9.83,0.88,-6.910294,107.675446,0.07,12,0,7.63,649581
6.59,-9.62,0.70,9.90,0.61,-6.910294,107.675446,0.11,12,0,6.10,649789
6.60,-9.63,0.65,9.87,0.78,-6.910294,107.675446,0.09,12,0,9.16,649996
6.63,-9.65,0.67,9.89,0.89,-6.910294,107.675446,0.06,12,0,0.00,650203
6.59,-9.70,0.60,9.85,0.95,-6.910294,107.675446,0.07,12,0,9.16,650410
6.60,-9.70,0.70,9.83,0.88,-6.910294,107.675446,0.07,12,0,7.63,650619
6.59,-9.65,0.61,9.83,0.53,-6.910294,107.675446,0.19,12,0,9.16,650827
6.61,-9.70,0.70,9.85,0.96,-6.910294,107.675446,0.26,12,0,0.00,651034
6.57,-9.73,0.64,9.86,0.93,-6.910295,107.675446,0.20,12,0,9.16,651241
6.56,-9.72,0.64,9.90,0.71,-6.910295,107.675446,0.04,12,0,6.10,651448
6.59,-9.77,0.77,9.85,0.94,-6.910295,107.675446,0.07,12,0,7.63,651655
6.64,-9.80,0.77,9.89,0.98,-6.910295,107.675446,0.11,12,0,7.63,651862
6.63,-9.84,0.69,9.86,0.93,-6.910295,107.675446,0.09,12,0,7.63,652069
6.67,-9.88,0.63,9.86,1.01,-6.910295,107.675446,0.02,12,0,0.00,652276
6.67,-9.86,0.66,9.93,0.68,-6.910295,107.675446,0.07,12,0,7.63,652483
6.66,-9.89,0.70,9.84,0.82,-6.910295,107.675446,0.07,12,0,6.10,652690
6.66,-9.88,0.62,9.87,0.70,-6.910295,107.675446,0.09,12,0,9.16,652897
6.68,-9.87,0.68,9.85,0.75,-6.910295,107.675446,0.19,12,0,0.00,653104
6.67,-9.87,0.71,9.86,0.71,-6.910295,107.675446,0.19,12,0,7.63,653313
6.67,-9.87,0.66,9.78,0.76,-6.910295,107.675446,0.09,12,0,7.63,653519
6.65,-9.88,0.64,9.83,0.82,-6.910295,107.675446,0.22,12,0,9.16,653729
6.70,-9.88,0.70,9.83,0.87,-6.910295,107.675446,0.30,12,0,7.63,653936
6.71,-9.86,0.66,9.88,0.79,-6.910295,107.675446,0.26,12,0,7.63,654143
6.72,-9.91,0.69,9.86,0.99,-6.910295,107.675446,0.26,12,0,9.16,654350
6.72,-9.92,0.71,9.87,0.81,-6.910295,107.675446,0.20,12,0,7.63,654558
6.72,-9.90,0.66,9.88,0.64,-6.910295,107.675446,0.33,12,0,9.16,654765
6.72,-9.93,0.68,9.87,0.86,-6.910295,107.675446,0.02,12,0,9.16,654972
6.72,-9.91,0.73,9.78,0.74,-6.910295,107.675446,0.11,12,0,9.16,655182
6.74,-9.90,0.67,9.82,0.76,-6.910295,107.675446,0.19,12,0,9.16,655389
6.75,-9.88,0.62,9.85,0.80,-6.910295,107.675446,0.09,12,0,0.00,655596
6.77,-9.91,0.66,9.83,0.91,-6.910296,107.675446,0.19,12,0,7.63,655803
6.82,-9.92,0.69,9.85,0.94,-6.910296,107.675446,0.19,12,0,6.10,656010
6.81,-9.91,0.66,9.85,0.73,-6.910296,107.675446,0.19,12,0,6.10,656217
6.78,-9.89,0.67,9.87,0.57,-6.910296,107.675446,0.30,12,0,0.00,656424
6.79,-9.87,0.56,9.89,0.76,-6.910297,107.675446,0.09,12,0,7.63,656633
6.76,-9.90,0.68,9.96,0.80,-6.910297,107.675446,0.20,12,0,9.16,656840
6.77,-9.89,0.70,9.87,0.73,-6.910297,107.675446,0.30,12,0,7.63,657047
6.79,-9.92,0.66,9.87,0.97,-6.910298,107.675446,0.06,12,0,7.63,657254
6.79,-10.00,0.67,9.87,1.10,-6.910298,107.675446,0.06,12,0,7.63,657461
6.78,-10.00,0.69,9.87,0.72,-6.910298,107.675446,0.19,12,0,9.16,657668
6.76,-9.98,0.56,9.82,0.67,-6.910298,107.675446,0.04,12,0,9.16,657875
6.77,-9.97,0.67,9.88,0.73,-6.910299,107.675446,0.06,12,0,6.10,658084
6.76,-9.99,0.73,9.87,0.83,-6.910299,107.675446,0.28,12,0,7.63,658291
6.76,-10.05,0.70,9.89,0.99,-6.910299,107.675446,0.20,12,0,7.63,658498
6.75,-10.04,0.67,9.83,0.71,-6.910299,107.675446,0.20,12,0,9.16,658705
6.75,-10.02,0.63,9.89,0.75,-6.910300,107.675446,0.20,12,0,7.63,658912
6.76,-10.05,0.71,9.81,0.91,-6.910300,107.675446,0.20,12,0,7.63,659119
6.78,-10.06,0.68,9.78,0.81,-6.910300,107.675446,0.20,12,0,9.16,659328
6.79,-10.04,0.62,9.83,0.73,-6.910300,107.675446,0.13,12,0,7.63,659535
6.77,-10.06,0.68,9.82,0.84,-6.910301,107.675446,0.17,12,0,6.10,659742
6.76,-10.08,0.66,9.83,0.83,-6.910301,107.675446,0.09,12,0,9.16,659949
6.77,-10.08,0.70,9.86,0.79,-6.910301,107.675446,0.15,12,0,7.63,660156
6.77,-10.04,0.69,9.88,0.65,-6.910301,107.675446,0.19,12,0,9.16,660363
6.78,-10.04,0.63,9.88,0.74,-6.910301,107.675446,0.19,12,0,6.10,660570
6.80,-10.01,0.66,9.80,0.77,-6.910302,107.675446,0.28,12,0,7.63,660779
6.79,-9.99,0.70,9.92,0.62,-6.910302,107.675446,0.22,12,0,0.00,660986
6.75,-9.97,0.65,9.89,0.71,-6.910302,107.675446,0.19,12,0,9.16,661193
6.73,-9.96,0.68,9.82,0.79,-6.910302,107.675446,0.15,12,0,7.63,661400
6.73,-9.91,0.70,9.86,0.60,-6.910303,107.675446,0.15,12,0,7.63,661607
6.72,-9.90,0.71,9.86,0.70,-6.910303,107.675438,0.15,12,0,9.16,661814
6.73,-9.91,0.66,9.88,0.85,-6.910303,107.675438,0.15,12,0,7.63,662021
6.75,-9.89,0.64,9.80,0.75,-6.910303,107.675438,0.15,12,0,9.16,662230
6.74,-9.88,0.58,9.87,0.68,-6.910303,107.675438,0.06,12,0,6.10,662437
6.74,-9.88,0.62,9.85,0.81,-6.910304,107.675438,0.22,12,0,7.63,662644
6.75,-9.93,0.74,9.88,0.93,-6.910304,107.675438,0.09,12,0,9.16,662851
6.53,-10.11,0.73,9.58,1.77,-6.910304,107.675438,0.31,12,0,9.16,663058
6.52,-10.05,0.60,9.88,0.56,-6.910304,107.675438,0.17,12,0,7.63,663265
6.55,-10.00,0.64,9.79,0.61,-6.910304,107.675438,0.17,12,0,10.68,663472
6.57,-9.93,0.61,9.82,0.58,-6.910304,107.675438,0.09,12,0,9.16,663681
6.56,-9.92,0.66,9.88,0.74,-6.910305,107.675438,0.02,12,0,6.10,663888
6.53,-9.94,0.65,9.85,0.85,-6.910305,107.675438,0.07,12,0,7.63,664095
6.53,-9.94,0.68,9.89,0.74,-6.910305,107.675446,0.19,12,0,7.63,664302
6.53,-9.95,0.67,9.84,0.75,-6.910305,107.675446,0.09,12,0,9.16,664509
6.53,-9.94,0.68,9.88,0.75,-6.910305,107.675446,0.28,12,0,6.10,664716
6.44,-10.02,0.62,9.68,1.10,-6.910305,107.675446,0.19,12,0,9.16,664923
6.44,-9.99,0.67,9.86,0.61,-6.910306,107.675446,0.17,12,0,0.00,665132
6.43,-9.99,0.65,9.83,0.76,-6.910306,107.675446,0.17,12,0,7.63,665339
6.46,-10.00,0.62,9.84,0.90,-6.910306,107.675446,0.22,12,0,6.10,665546
6.45,-9.99,0.68,9.86,0.70,-6.910306,107.675446,0.02,12,0,7.63,665753
6.44,-9.95,0.64,9.90,0.64,-6.910306,107.675446,0.09,12,0,9.16,665960
6.44,-9.95,0.64,9.82,0.79,-6.910306,107.675446,0.17,12,0,10.68,666168
6.44,-9.97,0.66,9.81,0.84,-6.910306,107.675446,0.30,12,0,0.00,666375
6.45,-9.97,0.64,9.87,0.77,-6.910306,107.675446,0.15,12,0,7.63,666585
6.46,-9.95,0.68,9.88,0.71,-6.910306,107.675446,0.15,12,0,7.63,666793
6.43,-9.99,0.67,9.80,0.82,-6.910306,107.675446,0.22,12,0,9.16,667000
6.43,-9.99,0.71,9.86,0.76,-6.910307,107.675446,0.09,12,0,9.16,667207
6.41,-9.98,0.63,9.91,0.70,-6.910307,107.675446,0.20,12,0,7.63,667414
6.37,-10.19,0.81,9.90,1.72,-6.910307,107.675446,0.11,12,0,7.63,667621
6.39,-10.22,0.70,9.86,0.89,-6.910307,107.675446,0.24,12,0,9.16,667828
6.38,-10.16,0.64,9.87,0.50,-6.910307,107.675446,0.06,12,0,6.10,668037
6.37,-10.14,0.65,9.84,0.69,-6.910307,107.675446,0.20,12,0,7.63,668244
6.39,-10.19,0.76,9.83,1.03,-6.910307,107.675446,0.15,12,0,6.10,668451
6.40,-10.13,0.66,9.87,0.54,-6.910308,107.675446,0.19,12,0,9.16,668658
6.40,-10.12,0.75,9.87,0.67,-6.910308,107.675446,0.22,12,0,6.10,668867
6.41,-10.17,0.76,9.74,0.91,-6.910308,107.675446,0.06,12,0,7.63,669073
6.46,-10.21,0.65,9.90,1.09,-6.910308,107.675446,0.17,12,0,7.63,669280
6.46,-10.21,0.65,9.89,0.76,-6.910308,107.675446,0.17,12,0,13.73,669505
6.49,-10.07,0.58,9.91,0.57,-6.910308,107.675446,0.02,12,0,10.68,669714
6.42,-9.80,0.69,9.84,0.83,-6.910308,107.675446,0.06,12,0,9.16,669921
6.38,-9.82,0.45,9.87,0.90,-6.910308,107.675446,0.48,12,0,9.16,670129
6.36,-9.88,0.45,9.85,1.10,-6.910309,107.675446,0.37,12,0,6.10,670336
6.29,-9.71,0.58,9.81,0.29,-6.910309,107.675446,0.28,12,0,9.16,670543
6.38,-9.65,0.43,9.95,0.92,-6.910309,107.675446,0.52,12,0,7.63,670750
6.39,-9.77,0.73,9.93,1.30,-6.910309,107.675446,0.19,12,0,10.68,670960
6.39,-9.81,0.72,9.69,0.79,-6.910309,107.675446,0.24,12,0,6.10,671167
6.39,-9.95,0.96,9.87,1.24,-6.910309,107.675446,0.07,12,0,9.16,671374
6.33,-9.75,0.58,9.85,0.44,-6.910309,107.675446,0.26,12,0,9.16,671581
6.36,-9.94,0.97,9.93,1.59,-6.910309,107.675446,0.22,12,0,9.16,671789
6.34,-9.82,0.66,9.99,0.38,-6.910309,107.675446,0.09,12,0,9.16,671996
6.35,-9.64,0.74,9.93,0.46,-6.910309,107.675446,0.41,12,0,9.16,672203
6.37,-9.79,0.72,9.74,1.55,-6.910309,107.675446,0.41,12,0,9.16,672412
6.37,-9.98,0.87,9.88,1.66,-6.910309,107.675446,0.15,12,0,9.16,672619
6.35,-9.99,0.74,9.92,0.93,-6.910309,107.675446,0.37,12,0,7.63,672826
6.37,-9.88,0.48,9.83,0.52,-6.910309,107.675446,0.13,12,0,7.63,673034
6.39,-9.90,0.42,9.84,0.99,-6.910309,107.675446,0.31,12,0,0.00,673241
6.31,-9.80,0.61,9.78,0.32,-6.910309,107.675446,0.13,12,0,9.16,673448
6.31,-9.53,0.50,9.82,0.80,-6.910309,107.675446,0.07,12,0,10.68,673655
6.39,-9.36,0.85,9.98,0.64,-6.910308,107.675446,0.19,12,0,10.68,673864
6.45,-9.52,0.86,10.01,1.35,-6.910308,107.675446,0.15,12,0,6.10,674072
6.40,-9.57,0.86,9.91,0.88,-6.910308,107.675446,0.15,12,0,7.63,674280
6.37,-9.57,0.70,9.88,0.69,-6.910308,107.675446,0.17,12,0,7.63,674488
6.32,-9.61,0.67,9.86,0.89,-6.910308,107.675446,0.15,12,0,9.16,674695
6.31,-9.54,0.57,9.84,0.41,-6.910308,107.675446,0.17,12,0,0.00,674902
6.36,-9.56,0.92,9.84,0.80,-6.910308,107.675446,0.24,12,0,7.63,675109
6.35,-9.85,0.82,9.95,2.07,-6.910308,107.675446,0.06,12,0,6.10,675319
6.36,-9.96,0.68,9.90,1.22,-6.910308,107.675446,0.06,12,0,9.16,675526
6.38,-9.81,0.54,9.83,0.45,-6.910308,107.675446,0.02,12,0,10.68,675734
6.40,-9.90,0.75,9.94,1.23,-6.910308,107.675446,0.17,12,0,9.16,675942
6.38,-9.83,0.60,9.86,0.39,-6.910308,107.675446,0.15,12,0,9.16,676150
6.37,-10.00,0.74,9.87,1.53,-6.910308,107.675446,0.22,12,0,7.63,676357
6.36,-10.11,0.93,9.93,1.17,-6.910308,107.675446,0.31,12,0,6.10,676564
6.39,-10.10,0.84,10.03,0.84,-6.910308,107.675446,0.07,12,0,10.68,676774
6.47,-9.86,0.88,10.00,0.89,-6.910308,107.675446,0.15,12,0,12.21,676981
6.47,-9.58,0.55,10.06,0.77,-6.910308,107.675446,0.15,12,0,9.16,677188
6.41,-10.02,0.88,9.62,2.78,-6.910308,107.675446,0.31,12,0,10.68,677396
6.41,-9.52,0.62,10.06,1.75,-6.910308,107.675446,0.20,12,0,9.16,677603
6.35,-9.38,0.45,9.90,0.28,-6.910308,107.675446,0.30,12,0,10.68,677810
6.30,-9.24,0.62,10.05,0.44,-6.910308,107.675446,0.17,12,0,10.68,678017
6.31,-9.10,1.59,9.81,0.50,-6.910308,107.675446,0.26,12,0,9.16,678227
6.33,-9.26,0.88,9.86,1.33,-6.910308,107.675446,0.26,12,0,9.16,678434
6.23,-10.14,0.54,10.03,5.00,-6.910308,107.675446,0.28,12,0,10.68,678642
6.27,-10.45,0.59,9.93,2.23,-6.910307,107.675446,0.13,12,0,10.68,678850
6.31,-8.90,1.69,10.20,6.56,-6.910307,107.675446,0.15,12,0,9.16,679057
6.28,-8.02,1.14,10.06,3.56,-6.910307,107.675446,0.15,12,0,9.16,679264
6.30,-8.99,2.71,9.98,4.79,-6.910307,107.675446,0.13,12,0,9.16,679471
6.37,-9.23,2.17,9.88,1.43,-6.910307,107.675446,0.07,12,0,12.21,679681
6.38,-9.93,0.55,9.80,4.07,-6.910307,107.675446,0.07,12,0,9.16,679889
6.40,-9.69,0.90,9.83,0.73,-6.910307,107.675446,0.19,12,0,10.68,680096
6.41,-9.52,0.48,10.05,0.52,-6.910307,107.675446,0.11,12,0,9.16,680304
6.43,-9.83,0.59,9.95,2.23,-6.910307,107.675446,0.11,12,0,9.16,680511
6.52,-10.67,2.00,9.81,4.47,-6.910307,107.675446,0.15,12,0,9.16,680719
6.51,-10.76,1.22,9.83,1.35,-6.910307,107.675446,0.09,12,0,10.68,680926
6.53,-10.52,0.62,9.84,0.70,-6.910307,107.675446,0.06,12,0,7.63,681135
6.49,-10.50,0.64,10.08,0.69,-6.910307,107.675446,0.35,12,0,10.68,681342
6.53,-10.35,0.44,10.06,0.66,-6.910307,107.675446,0.35,12,0,9.16,681549
6.45,-10.30,0.76,10.05,0.55,-6.910307,107.675446,0.09,12,0,10.68,681756
6.41,-10.08,0.40,9.91,0.39,-6.910307,107.675446,0.07,12,0,9.16,681963
6.51,-9.73,0.50,9.92,1.34,-6.910307,107.675446,0.06,12,0,9.16,682170
6.57,-9.55,0.51,9.87,0.68,-6.910307,107.675446,0.15,12,0,9.16,682377
6.64,-9.37,0.57,9.97,0.78,-6.910307,107.675446,0.26,12,0,9.16,682586
6.60,-8.79,0.53,9.91,2.04,-6.910307,107.675446,0.26,12,0,10.68,682793
6.60,-9.21,1.33,9.82,2.51,-6.910307,107.675446,0.26,12,0,7.63,683000
6.58,-9.68,1.33,9.86,2.81,-6.910307,107.675446,0.26,12,0,9.16,683207
6.58,-10.02,0.62,9.97,2.32,-6.910306,107.675446,0.22,12,0,7.63,683414
6.53,-10.22,0.93,9.81,1.56,-6.910306,107.675446,0.04,12,0,9.16,683621
6.57,-10.10,0.44,9.96,0.63,-6.910306,107.675446,0.09,12,0,10.68,683828
6.59,-10.40,0.86,10.13,2.28,-6.910306,107.675446,0.19,12,0,9.16,684037
6.63,-10.45,0.77,9.94,1.04,-6.910306,107.675446,0.20,12,0,6.10,684244
6.57,-10.50,0.72,9.79,1.07,-6.910306,107.675446,0.20,12,0,10.68,684453
6.58,-10.51,0.83,9.75,0.88,-6.910306,107.675446,0.09,12,0,0.00,684659
6.66,-10.26,0.40,9.91,0.94,-6.910306,107.675446,0.09,12,0,7.63,684866
6.66,-10.32,0.79,9.90,1.01,-6.910306,107.675438,0.17,12,0,0.00,685073
6.63,-10.27,0.65,9.77,0.49,-6.910306,107.675438,0.11,12,0,10.68,685280
6.66,-10.30,0.75,9.88,0.92,-6.910306,107.675438,0.20,12,0,10.68,685489
6.65,-10.20,0.59,9.83,0.46,-6.910306,107.675438,0.07,12,0,10.68,685697
6.63,-10.15,0.56,9.84,0.53,-6.910306,107.675438,0.22,12,0,9.16,685904
6.64,-10.06,0.68,9.88,0.41,-6.910306,107.675438,0.13,12,0,9.16,686111
6.65,-10.09,0.69,9.89,0.97,-6.910306,107.675438,0.13,12,0,9.16,686318
6.66,-10.09,0.63,9.85,0.78,-6.910306,107.675438,0.15,12,0,10.68,686525
6.64,-10.12,0.65,9.79,0.94,-6.910305,107.675438,0.20,12,0,9.16,686734
6.64,-10.13,0.64,9.88,0.82,-6.910305,107.675438,0.20,12,0,7.63,686942
6.60,-9.62,0.50,9.78,1.81,-6.910305,107.675438,0.13,12,0,9.16,687149
6.62,-9.56,0.65,9.87,0.55,-6.910305,107.675438,0.06,12,0,9.16,687356
6.61,-9.54,0.73,9.82,0.56,-6.910305,107.675438,0.06,12,0,6.10,687563
6.62,-9.57,0.65,9.84,0.87,-6.910305,107.675438,0.17,12,0,9.16,687771
6.62,-9.55,0.66,9.84,0.68,-6.910305,107.675438,0.15,12,0,6.10,687978
6.58,-9.45,0.66,9.79,0.30,-6.910305,107.675438,0.15,12,0,7.63,688187
6.60,-9.52,0.69,9.84,0.98,-6.910305,107.675438,0.09,12,0,9.16,688394
6.55,-9.29,0.60,9.84,0.51,-6.910305,107.675438,0.13,12,0,9.16,688601
6.55,-9.31,0.66,9.90,0.76,-6.910305,107.675438,0.07,12,0,9.16,688809
6.55,-9.32,0.68,9.84,0.88,-6.910305,107.675438,0.17,12,0,9.16,689016
6.56,-9.37,0.64,9.85,1.01,-6.910305,107.675438,0.17,12,0,9.16,689223
6.57,-9.35,0.57,9.84,0.70,-6.910305,107.675438,0.07,12,0,9.16,689430
6.56,-9.38,0.66,9.87,0.78,-6.910305,107.675438,0.06,12,0,9.16,689639
6.59,-9.44,0.67,9.85,0.99,-6.910304,107.675438,0.22,12,0,9.16,689846
6.57,-9.46,0.65,9.85,0.83,-6.910304,107.675438,0.19,12,0,10.68,690053
6.60,-9.47,0.56,9.84,0.87,-6.910304,107.675438,0.20,12,0,9.16,690260
6.60,-9.48,0.68,9.86,0.77,-6.910304,107.675438,0.20,12,0,12.21,690467
6.61,-9.49,0.64,9.85,0.75,-6.910304,107.675438,0.17,12,0,9.16,690675
6.60,-9.52,0.62,9.79,0.85,-6.910304,107.675438,0.11,12,0,9.16,690882
6.60,-9.62,0.72,9.85,1.18,-6.910304,107.675438,0.11,12,0,9.16,691092
6.61,-9.66,0.68,9.91,0.99,-6.910304,107.675438,0.15,12,0,7.63,691300
6.60,-9.66,0.63,9.86,0.72,-6.910304,107.675438,0.26,12,0,10.68,691507
6.60,-9.78,0.65,9.93,1.23,-6.910304,107.675438,0.37,12,0,7.63,691714
6.63,-9.75,0.59,9.94,0.71,-6.910304,107.675438,0.43,12,0,7.63,691921
6.62,-9.74,0.66,9.84,0.77,-6.910304,107.675438,0.17,12,0,9.16,692128
6.60,-9.72,0.63,9.84,0.63,-6.910304,107.675438,0.24,12,0,9.16,692335
6.59,-9.76,0.68,9.83,0.91,-6.910304,107.675438,0.30,12,0,10.68,692544
6.58,-9.77,0.60,9.85,0.76,-6.910304,107.675438,0.28,12,0,7.63,692751
6.56,-9.80,0.62,9.86,0.87,-6.910304,107.675438,0.07,12,0,9.16,692958
6.56,-9.80,0.59,9.94,0.81,-6.910304,107.675438,0.28,12,0,9.16,693165
6.56,-9.88,0.51,9.82,1.12,-6.910304,107.675438,0.28,12,0,6.10,693372
6.59,-9.87,0.63,9.82,0.80,-6.910304,107.675438,0.17,12,0,10.68,693579
6.58,-9.86,0.67,9.85,0.67,-6.910304,107.675438,0.17,12,0,9.16,693786
6.60,-9.87,0.68,9.86,0.80,-6.910304,107.675438,0.07,12,0,9.16,693995
6.62,-9.86,0.67,9.85,0.75,-6.910304,107.675438,0.13,12,0,10.68,694202
6.63,-9.89,0.61,9.84,0.95,-6.910304,107.675438,0.15,12,0,10.68,694409
6.63,-9.91,0.74,9.87,0.79,-6.910304,107.675438,0.24,12,0,6.10,694617
6.64,-10.00,0.75,9.90,1.18,-6.910304,107.675438,0.07,12,0,9.16,694824
6.63,-9.82,0.62,9.84,0.53,-6.910304,107.675438,0.30,12,0,9.16,695031
6.61,-9.81,0.65,9.76,0.66,-6.910304,107.675438,0.15,12,0,10.68,695238
6.63,-9.81,0.73,9.84,0.78,-6.910304,107.675438,0.24,12,0,6.10,695447
6.64,-9.81,0.73,9.84,0.78,-6.910304,107.675438,0.06,12,0,7.63,695654
6.63,-9.78,0.65,9.86,0.59,-6.910304,107.675438,0.22,12,0,6.10,695861
6.64,-9.78,0.69,9.88,0.79,-6.910304,107.675438,0.06,12,0,9.16,696068
6.61,-9.73,0.56,9.85,0.55,-6.910304,107.675438,0.13,12,0,9.16,696275
6.60,-9.75,0.78,9.84,0.74,-6.910304,107.675438,0.13,12,0,9.16,696482
6.59,-9.77,0.73,9.83,0.78,-6.910304,107.675438,0.09,12,0,7.63,696689
6.60,-9.74,0.64,9.81,0.64,-6.910304,107.675438,0.07,12,0,9.16,696898
6.60,-9.74,0.72,9.87,0.74,-6.910304,107.675438,0.24,12,0,9.16,697105
6.67,-9.74,0.74,9.98,0.90,-6.910304,107.675438,0.06,12,0,6.10,697312
6.66,-9.71,0.67,9.82,0.59,-6.910304,107.675438,0.28,12,0,10.68,697519
6.69,-9.74,0.69,9.84,0.96,-6.910304,107.675438,0.22,12,0,9.16,697726
6.70,-9.80,0.63,9.91,1.04,-6.910305,107.675438,0.04,12,0,9.16,697933
6.71,-9.77,0.84,9.84,0.55,-6.910305,107.675438,0.17,12,0,7.63,698140
6.75,-9.68,0.56,9.85,0.66,-6.910305,107.675438,0.17,12,0,9.16,698349
6.72,-9.98,1.00,9.89,2.10,-6.910305,107.675438,0.06,12,0,10.68,698556
6.69,-9.97,0.69,9.81,0.68,-6.910305,107.675438,0.09,12,0,10.68,698763
6.68,-9.98,0.67,9.84,0.81,-6.910305,107.675438,0.07,12,0,9.16,698970
6.67,-9.90,0.59,9.86,0.46,-6.910305,107.675438,0.07,12,0,12.21,699177
6.66,-9.89,0.74,9.82,0.64,-6.910305,107.675438,0.06,12,0,9.16,699384
6.65,-9.93,0.72,9.80,0.93,-6.910305,107.675438,0.00,12,0,10.68,699591
6.65,-9.95,0.71,9.89,0.81,-6.910305,107.675438,0.00,12,0,9.16,699800
6.64,-9.95,0.63,9.85,0.76,-6.910305,107.675438,0.26,12,0,9.16,700009
6.64,-9.96,0.68,9.87,0.91,-6.910305,107.675438,0.04,12,0,7.63,700216
6.62,-9.98,0.69,9.86,0.84,-6.910306,107.675438,0.20,12,0,9.16,700424
6.58,-10.08,0.69,9.87,1.11,-6.910306,107.675438,0.09,12,0,10.68,700632
6.57,-10.11,0.59,9.73,0.99,-6.910306,107.675438,0.09,12,0,9.16,700839
6.56,-10.15,0.67,9.81,0.94,-6.910306,107.675438,0.22,12,0,9.16,701047
6.57,-10.17,0.66,9.89,0.90,-6.910306,107.675438,0.22,12,0,7.63,701256
6.59,-10.18,0.65,9.76,0.88,-6.910306,107.675438,0.30,12,0,10.68,701463
6.57,-10.15,0.59,9.76,0.58,-6.910306,107.675438,0.20,12,0,10.68,701670
6.55,-10.11,0.60,9.84,0.69,-6.910306,107.675438,0.11,12,0,10.68,701877
6.56,-10.14,0.65,9.86,0.95,-6.910306,107.675438,0.13,12,0,6.10,702084
6.58,-10.06,0.62,9.87,0.54,-6.910306,107.675438,0.24,12,0,9.16,702291
6.58,-10.04,0.70,9.84,0.75,-6.910306,107.675438,0.11,12,0,7.63,702498
6.55,-10.01,0.64,9.84,0.56,-6.910306,107.675438,0.11,12,0,9.16,702707
6.56,-10.01,0.58,9.83,0.79,-6.910305,107.675438,0.20,12,0,12.21,702914
6.55,-10.02,0.68,9.84,0.80,-6.910305,107.675438,0.15,12,0,12.21,703122
6.57,-10.04,0.65,9.83,0.99,-6.910305,107.675438,0.07,12,0,9.16,703329
6.57,-10.03,0.67,9.81,0.67,-6.910305,107.675438,0.04,12,0,7.63,703536
6.58,-10.04,0.59,9.87,0.86,-6.910305,107.675438,0.06,12,0,9.16,703743
6.57,-10.00,0.64,9.88,0.67,-6.910305,107.675438,0.09,12,0,9.16,703950
6.56,-9.99,0.65,9.81,0.69,-6.910305,107.675438,0.06,12,0,9.16,704160
6.54,-9.95,0.62,9.80,0.61,-6.910305,107.675438,0.06,12,0,9.16,704368
6.56,-9.97,0.63,9.88,0.90,-6.910305,107.675438,0.17,12,0,6.10,704575
6.57,-9.94,0.63,9.83,0.73,-6.910305,107.675438,0.13,12,0,10.68,704782
6.59,-9.95,0.68,9.87,0.82,-6.910305,107.675438,0.15,12,0,7.63,704989
6.60,-9.94,0.66,9.89,0.74,-6.910305,107.675438,0.13,12,0,9.16,705196
6.58,-9.89,0.61,9.81,0.62,-6.910305,107.675438,0.17,12,0,12.21,705403
6.60,-9.89,0.66,9.86,0.78,-6.910305,107.675438,0.17,12,0,9.16,705612
6.56,-9.88,0.67,9.87,0.67,-6.910305,107.675438,0.19,12,0,6.10,705819
6.56,-9.88,0.66,9.84,0.70,-6.910305,107.675438,0.22,12,0,9.16,706026
5.76,-9.24,0.47,9.85,0.72,-6.910302,107.675415,0.13,12,1,190.73,1556108
5.77,-9.22,0.49,9.83,0.73,-6.910302,107.675415,0.44,12,2,216.67,1556315
5.79,-9.16,0.50,9.84,0.58,-6.910302,107.675415,0.78,12,2,299.07,1556522
5.77,-9.13,0.52,9.77,0.70,-6.910302,107.675415,0.17,12,3,399.78,1556729
5.73,-9.15,0.53,9.86,0.84,-6.910301,107.675415,0.28,12,3,416.56,1556936
5.26,-9.47,0.56,9.55,3.15,-6.910301,107.675415,0.09,12,4,273.13,1557145
4.87,-9.98,0.43,9.53,3.82,-6.910301,107.675415,0.48,12,4,598.14,1557351
4.82,-10.38,1.11,9.58,2.74,-6.910301,107.675415,0.24,12,5,752.26,1557560
4.79,-10.21,0.58,10.24,0.74,-6.910301,107.675415,0.19,12,5,903.32,1557767
4.25,-10.39,1.10,9.30,3.10,-6.910301,107.675415,0.11,12,5,901.79,1557974
3.58,-10.37,1.21,9.02,2.83,-6.910301,107.675415,0.35,12,0,527.95,1558181
3.37,-10.03,0.30,9.97,1.28,-6.910301,107.675415,0.37,12,6,671.39,1558388
4.08,-8.88,1.87,9.17,6.18,-6.910301,107.675415,0.24,12,7,1345.83,1558595
1.98,-8.04,1.72,9.76,10.72,-6.910301,107.675415,0.37,12,7,1512.15,1558804
4.33,-7.92,2.71,11.07,11.33,-6.910301,107.675415,1.13,12,9,1815.80,1559012
4.31,-6.59,4.50,8.27,4.33,-6.910301,107.675415,0.69,12,10,718.69,1559219
3.14,-6.60,2.46,9.20,6.63,-6.910301,107.675415,0.56,12,12,842.29,1559426
3.57,-8.36,3.41,10.70,11.85,-6.910301,107.675423,0.81,12,14,886.54,1559633
3.89,-4.94,4.35,12.07,16.48,-6.910301,107.675423,0.65,12,13,1153.56,1559840
4.19,-13.52,5.09,9.32,40.20,-6.910301,107.675423,1.54,12,11,1632.69,1560047
3.69,-20.14,4.48,10.98,33.20,-6.910300,107.675423,1.72,12,13,1110.84,1560256
3.98,-14.24,5.19,11.17,26.97,-6.910300,107.675423,1.76,12,14,987.24,1560463
3.61,-14.82,7.91,11.92,4.27,-6.910300,107.675423,2.13,12,15,2589.42,1560670
3.47,-15.02,2.16,9.69,2.26,-6.910301,107.675423,1.78,12,13,1756.29,1560877
3.80,-14.23,3.68,6.48,3.60,-6.910301,107.675423,2.70,12,0,1322.94,1561084
4.03,-15.81,3.05,10.50,7.71,-6.910301,107.675430,2.57,12,16,2532.96,1561291
4.79,-17.13,6.38,12.69,7.52,-6.910301,107.675430,2.52,12,0,1197.81,1561500
6.16,-13.99,3.49,11.44,15.91,-6.910302,107.675430,3.26,12,17,1438.90,1561707
5.96,-17.23,4.44,10.21,15.37,-6.910302,107.675430,3.26,12,18,1098.63,1561914
7.37,-18.31,4.83,10.73,8.21,-6.910303,107.675438,3.26,12,20,1788.33,1562121
8.82,-16.91,5.38,11.39,10.02,-6.910303,107.675438,3.26,12,20,1998.90,1562328
8.23,-14.96,3.90,10.91,7.84,-6.910304,107.675438,3.67,12,22,1838.68,1562535
9.36,-15.71,1.59,11.27,8.66,-6.910305,107.675438,3.48,12,23,2070.62,1562742
10.00,-15.26,6.40,12.13,5.10,-6.910306,107.675438,3.94,12,12,2891.54,1562951
10.30,-11.98,3.86,11.03,14.27,-6.910306,107.675446,3.87,12,30,2655.03,1563158
9.03,-12.85,4.18,12.95,8.10,-6.910306,107.675446,4.96,12,27,2235.41,1563365
8.59,-11.92,2.12,9.91,4.45,-6.910307,107.675446,4.41,12,29,2531.43,1563572
7.93,-16.21,2.66,8.80,23.53,-6.910308,107.675453,4.39,12,28,2539.06,1563779
8.51,-17.26,4.39,12.06,5.26,-6.910308,107.675453,4.93,12,29,2119.45,1563986
8.81,-15.41,3.88,13.33,7.72,-6.910309,107.675453,4.70,12,31,2439.88,1564195
9.09,-12.08,5.93,13.70,14.98,-6.910311,107.675461,5.54,12,36,3215.03,1564402
8.26,-13.96,2.72,10.40,11.28,-6.910312,107.675461,5.93,12,31,2679.44,1564609
8.68,-14.37,4.61,9.41,5.83,-6.910312,107.675461,5.93,12,35,4061.89,1564816
9.71,-15.20,2.19,9.64,9.03,-6.910314,107.675468,5.57,12,39,3669.74,1565023
7.29,-16.81,1.80,9.14,16.24,-6.910316,107.675468,6.28,12,42,4159.55,1565230
7.58,-18.36,1.46,11.14,9.89,-6.910316,107.675476,6.67,12,43,4658.51,1565439
8.09,-10.39,1.99,10.34,37.60,-6.910317,107.675476,6.43,12,42,4832.46,1565647
9.20,-10.51,2.75,9.82,4.79,-6.910318,107.675476,7.41,12,42,4678.34,1565854
9.25,-20.05,11.29,15.76,46.67,-6.910320,107.675484,7.24,12,43,4412.84,1566061
9.25,-36.45,4.91,7.69,80.70,-6.910321,107.675484,7.69,12,46,3781.13,1566268
9.40,-42.32,6.22,14.39,33.13,-6.910323,107.675491,8.02,12,49,4083.25,1566476
8.67,-29.08,13.17,16.84,60.02,-6.910326,107.675499,8.50,12,46,3874.21,1566683
7.09,-26.49,3.49,11.58,10.52,-6.910328,107.675499,8.50,12,74,4263.31,1566892
4.47,-33.73,9.22,6.32,38.28,-6.910328,107.675499,8.50,12,50,5050.66,1567099
5.72,-40.08,12.25,16.90,33.07,-6.910330,107.675507,8.59,12,53,5261.23,1567306
5.21,-29.25,13.82,16.36,46.95,-6.910332,107.675514,9.35,12,50,4513.55,1567513
3.80,-43.48,10.51,10.06,73.43,-6.910335,107.675514,9.96,12,55,3923.03,1567720
4.72,-36.24,20.34,22.73,32.88,-6.910337,107.675522,9.22,12,99,5863.95,1567927
5.99,-35.26,14.98,17.19,10.43,-6.910340,107.675522,10.02,12,56,6652.83,1568136
7.23,-34.30,14.98,17.19,10.43,-6.910344,107.675537,10.98,12,50,6565.86,1568343
7.52,-49.07,21.16,23.58,75.21,-6.910344,107.675537,10.98,12,57,6504.82,1568550
5.96,-55.88,7.76,11.95,42.11,-6.910347,107.675537,10.59,12,69,6692.50,1568757
5.39,-40.63,6.51,10.32,73.49,-6.910350,107.675545,10.67,12,65,6307.98,1568964
7.62,-5.50,31.67,28.27,166.44,-6.910353,107.675545,11.61,12,71,5578.61,1569171
9.13,-3.68,5.20,14.46,11.97,-6.910357,107.675552,11.95,12,69,6559.75,1569380
9.35,-18.31,10.20,12.67,70.49,-6.910361,107.675560,11.39,12,70,5705.26,1569587
8.44,-14.65,13.09,14.76,14.63,-6.910365,107.675568,11.39,12,63,6742.86,1569794
9.97,-18.68,2.37,10.18,24.38,-6.910365,107.675568,11.39,12,63,5741.88,1570001
11.92,-23.17,4.00,11.83,24.02,-6.910368,107.675575,11.39,12,72,4624.94,1570208
12.64,-42.18,18.86,18.39,94.95,-6.910373,107.675583,13.24,12,69,4916.38,1570415
12.41,-33.59,10.80,19.20,40.56,-6.910377,107.675591,13.32,12,68,4783.63,1570624
13.43,-38.56,4.66,8.18,31.43,-6.910380,107.675591,12.89,12,75,4850.77,1570831
12.80,-40.22,3.54,6.81,11.89,-6.910384,107.675598,13.65,12,68,5343.63,1571038
13.17,-27.82,12.62,15.68,57.09,-6.910387,107.675606,14.43,12,73,5081.18,1571245
13.36,-25.64,1.82,11.03,10.39,-6.910387,107.675606,14.43,12,78,5854.80,1571452
14.71,-20.83,7.79,14.16,21.85,-6.910394,107.675613,14.15,12,78,6633.00,1571659
19.09,-21.86,6.27,9.16,30.52,-6.910398,107.675621,14.19,12,75,6953.43,1571866
19.40,-17.60,14.25,20.56,22.44,-6.910402,107.675629,14.83,12,90,5827.33,1572075
19.36,-20.85,7.53,9.35,17.43,-6.910406,107.675636,15.72,12,86,7061.77,1572282
16.48,-23.65,6.91,14.17,20.31,-6.910410,107.675644,15.15,12,91,5989.07,1572489
13.76,-42.75,13.96,12.62,97.50,-6.910415,107.675652,15.50,12,95,7682.80,1572698
12.52,-63.76,26.46,28.42,103.93,-6.910419,107.675652,16.43,12,92,9147.64,1572904
11.86,-53.05,15.37,17.93,45.99,-6.910423,107.675659,16.65,12,99,10510.25,1573111
15.15,-44.18,14.56,19.45,42.37,-6.910428,107.675667,16.65,12,98,11117.55,1573321
17.45,-43.03,5.87,5.95,15.53,-6.910435,107.675682,16.91,12,99,8293.15,1573528
18.64,-38.24,17.16,20.63,21.65,-6.910439,107.675690,16.93,12,99,9033.20,1573735
20.21,-35.80,6.36,14.20,12.97,-6.910445,107.675697,17.54,12,99,9065.25,1573942
18.45,-35.46,10.82,16.08,10.60,-6.910450,107.675705,18.08,12,99,9796.14,1574149
16.05,-43.05,17.53,20.13,41.07,-6.910455,107.675713,18.35,12,99,10801.70,1574356
16.82,-24.63,9.07,13.15,86.81,-6.910460,107.675713,18.80,12,99,10270.69,1574565
13.26,-53.33,20.10,20.73,145.18,-6.910466,107.675720,18.71,12,99,10360.72,1574772
11.99,-39.50,13.25,18.14,65.25,-6.910471,107.675728,18.91,12,99,9008.79,1574979
12.57,-27.60,17.77,18.99,55.46,-6.910477,107.675743,19.56,12,99,7368.47,1575187
13.52,-19.46,20.14,22.60,37.13,-6.910485,107.675751,20.71,12,99,9500.12,1575394
15.95,-3.11,22.05,23.81,79.47,-6.910494,107.675766,20.35,12,99,7395.94,1575601
23.58,7.38,16.55,20.12,65.11,-6.910497,107.675766,20.02,12,99,9376.53,1575810
24.03,-4.61,22.60,28.27,58.24,-6.910502,107.675774,21.21,12,99,7440.19,1576017
27.32,-1.19,16.89,22.71,25.72,-6.910511,107.675789,21.24,12,99,10528.56,1576224
24.66,-4.95,11.72,10.12,29.51,-6.910514,107.675797,21.58,12,99,8718.87,1576431
22.78,-3.50,7.52,7.59,10.00,-6.910520,107.675804,21.58,12,99,7833.86,1576638
13.93,9.72,22.51,17.35,71.74,-6.910526,107.675812,21.74,12,99,6588.75,1576845
20.25,15.01,18.68,25.25,49.20,-6.910532,107.675819,21.82,12,99,6666.56,1577054
21.58,-1.26,9.84,19.50,80.02,-6.910538,107.675835,22.35,12,99,1753.23,1577261
23.73,-7.00,17.24,11.49,28.73,-6.910544,107.675842,22.28,12,99,4702.76,1577468
24.80,-12.02,12.73,16.33,31.52,-6.910551,107.675850,22.59,12,99,2197.27,1577675
20.76,-17.44,12.68,9.27,34.79,-6.910557,107.675858,22.87,12,99,5194.09,1577882
22.65,11.89,8.35,5.75,138.76,-6.910563,107.675873,22.98,12,99,5641.17,1578089
24.48,24.33,14.44,19.76,62.25,-6.910575,107.675888,22.67,12,99,3935.24,1578298
25.53,11.65,20.48,20.41,59.44,-6.910582,107.675903,22.67,12,99,3991.70,1578505
21.18,1.32,19.05,16.58,51.80,-6.910582,107.675903,22.67,12,99,5378.72,1578712
18.41,34.57,21.05,24.79,162.48,-6.910591,107.675911,23.08,12,99,4339.60,1578919
17.58,45.59,20.79,25.75,58.67,-6.910597,107.675926,22.11,12,99,3668.21,1579126
18.08,51.76,3.81,11.46,36.36,-6.910604,107.675934,22.76,12,99,24.41,1579333
15.76,37.04,7.74,16.07,67.29,-6.910610,107.675941,24.46,12,99,5151.37,1579542
15.07,23.54,18.73,23.86,60.34,-6.910615,107.675957,24.34,12,99,3569.03,1579749
13.52,12.52,17.78,18.50,53.61,-6.910621,107.675964,25.32,12,99,4077.15,1579956
16.87,12.84,16.74,20.33,16.02,-6.910626,107.675980,25.47,12,99,3956.60,1580163
17.80,14.08,21.10,20.81,9.04,-6.910634,107.675995,24.45,12,99,2383.42,1580370
17.32,17.01,15.97,14.76,16.41,-6.910634,107.675995,24.45,12,99,245.67,1580577
16.33,-12.84,29.42,33.97,141.76,-6.910642,107.676010,25.45,12,99,3083.80,1580784
13.88,-11.50,11.68,3.79,7.03,-6.910653,107.676033,24.72,12,99,1844.79,1581004
14.37,1.78,21.12,24.11,66.21,-6.910660,107.676048,25.06,12,99,1831.05,1581213
14.48,-28.73,22.23,26.70,147.89,-6.910660,107.676048,25.06,12,99,3872.68,1581421
18.39,-38.11,8.34,16.96,53.31,-6.910665,107.676064,25.28,12,99,3215.03,1581628
20.87,-28.37,23.02,25.98,50.93,-6.910669,107.676071,25.87,12,99,3947.45,1581836
18.61,-32.93,19.62,21.84,26.92,-6.910674,107.676086,24.22,12,99,1039.12,1582043
18.77,-21.90,22.52,26.14,53.66,-6.910678,107.676094,25.32,12,99,692.75,1582252
17.63,-45.83,11.42,12.97,124.54,-6.910686,107.676125,25.50,12,99,59.51,1582460
16.52,-69.24,11.42,12.97,124.54,-6.910690,107.676132,25.52,12,99,99.18,1582667
13.31,-53.87,9.37,9.28,69.89,-6.910693,107.676147,25.71,12,99,1882.93,1582875
17.23,-44.56,22.34,26.78,46.05,-6.910696,107.676155,25.19,12,99,2024.84,1583082
15.75,-34.21,20.66,21.54,45.19,-6.910700,107.676178,25.63,12,99,2589.42,1583290
15.62,-48.49,21.49,26.13,72.72,-6.910700,107.676186,25.63,12,99,2577.21,1583500
14.14,-47.59,13.96,18.51,5.98,-6.910700,107.676186,25.63,12,99,2577.21,1583707
17.25,-64.92,19.65,22.19,92.35,-6.910703,107.676208,25.71,12,99,2233.89,1583914
17.09,-69.29,12.01,11.87,22.39,-6.910703,107.676224,26.84,12,99,2233.89,1584121
18.72,-52.14,5.02,7.45,81.52,-6.910704,107.676247,26.41,12,99,3620.91,1584328
18.80,-76.30,23.23,28.74,122.95,-6.910703,107.676254,25.95,12,99,3620.91,1584535
19.19,-89.37,22.26,24.41,68.97,-6.910703,107.676270,27.37,12,99,1428.22,1584744
17.86,-84.95,5.97,10.53,13.88,-6.910702,107.676285,27.35,12,99,285.34,1584951
20.20,-28.61,20.06,23.94,28.77,-6.910702,107.676285,27.35,12,99,39.67,1585158
20.18,-30.16,22.47,24.99,10.87,-6.910697,107.676315,29.09,12,99,1377.87,1585365
20.80,-41.97,21.77,18.49,58.07,-6.910693,107.676331,30.32,12,99,381.47,1585572
21.36,-49.27,15.48,22.98,41.86,-6.910692,107.676338,27.11,12,99,308.23,1585780
22.09,-72.95,23.67,21.15,119.65,-6.910689,107.676353,26.76,12,99,2461.24,1585990
21.34,-73.04,10.55,10.95,7.92,-6.910684,107.676376,26.37,12,99,523.38,1586198
17.20,-67.74,13.28,14.86,36.66,-6.910684,107.676376,26.37,12,99,5879.21,1586405
19.15,-67.02,19.60,17.64,15.15,-6.910680,107.676392,28.59,12,99,4473.88,1586612
18.71,-65.65,10.29,13.12,5.54,-6.910677,107.676407,26.97,12,99,4551.70,1586819
19.07,-80.86,29.42,33.97,77.98,-6.910675,107.676422,26.97,12,99,4254.15,1587026
17.45,-31.21,25.23,27.51,233.19,-6.910671,107.676445,26.97,12,99,5850.22,1587236
12.29,-27.00,5.30,7.02,26.52,-6.910669,107.676460,26.97,12,99,5276.49,1587444
13.94,-29.11,14.78,16.79,10.70,-6.910667,107.676468,27.72,12,99,4492.19,1587651
9.81,-43.12,21.96,27.77,77.18,-6.910665,107.676476,26.24,12,99,3111.27,1587859
10.07,-29.02,22.62,28.28,64.68,-6.910662,107.676498,26.67,12,99,9907.53,1588067
5.58,-17.85,28.83,26.18,63.96,-6.910661,107.676506,27.09,12,99,21481.32,1588276
5.27,-9.64,16.64,23.57,38.00,-6.910659,107.676521,27.76,12,99,21969.61,1588485
5.55,-30.21,22.98,24.28,99.43,-6.910658,107.676537,27.97,12,99,16285.71,1588692
1.07,-9.11,27.92,28.52,98.47,-6.910657,107.676544,28.06,12,99,18460.08,1588899
3.63,-7.88,11.44,20.48,15.79,-6.910655,107.676559,28.50,12,99,15348.82,1589106
2.52,-16.56,9.83,10.11,48.87,-6.910655,107.676575,29.00,12,99,11593.63,1589313
4.58,-14.36,11.99,7.41,19.68,-6.910655,107.676605,29.15,12,99,10177.61,1589520
3.32,-43.45,22.29,28.03,141.56,-6.910655,107.676605,29.15,12,99,10502.62,1589727
4.37,-24.68,8.41,16.58,91.98,-6.910656,107.676620,29.15,12,99,2749.63,1589936
-1.88,1.67,23.88,25.56,126.58,-6.910657,107.676636,29.15,12,99,7652.28,1590143
2.45,-3.20,25.29,20.69,24.53,-6.910658,107.676659,30.61,12,99,10331.73,1590350
11.86,30.43,39.48,33.22,173.11,-6.910660,107.676674,29.95,12,99,2386.47,1590557
14.58,11.70,22.14,23.85,84.94,-6.910663,107.676689,30.09,12,99,10673.52,1590764
15.09,30.04,8.48,18.12,92.11,-6.910666,107.676704,29.32,12,99,4283.14,1590971
12.45,62.14,23.39,28.91,161.50,-6.910669,107.676720,29.17,12,99,4177.86,1591180
10.13,44.38,25.01,22.07,84.54,-6.910672,107.676727,29.69,12,99,5731.20,1591387
9.94,14.21,17.42,24.33,141.20,-6.910675,107.676743,29.58,12,99,5441.28,1591595
10.57,17.11,22.10,26.87,17.76,-6.910677,107.676758,29.89,12,99,6591.80,1591802
11.55,13.79,15.89,14.38,14.88,-6.910681,107.676773,29.30,12,99,4968.26,1592010
11.34,20.62,12.68,21.19,34.01,-6.910685,107.676788,28.89,12,99,4118.35,1592217
5.68,34.91,15.91,10.74,68.02,-6.910689,107.676804,29.22,12,99,4318.24,1592426
0.13,48.89,15.91,10.74,68.02,-6.910693,107.676819,29.26,12,99,5632.02,1592634
-2.02,41.69,10.53,18.34,31.19,-6.910697,107.676834,29.28,12,99,13682.56,1592841
0.13,18.86,11.77,8.64,103.30,-6.910702,107.676849,28.67,12,99,9877.01,1593049
-3.63,31.26,26.43,25.68,59.99,-6.910708,107.676865,28.80,12,99,10806.27,1593256
-2.31,62.23,20.95,22.86,154.44,-6.910714,107.676880,29.09,12,99,11392.21,1593463
-2.87,42.44,4.01,9.95,92.33,-6.910718,107.676895,28.71,12,99,14311.22,1593672
-1.27,35.84,20.19,23.71,28.29,-6.910723,107.676910,28.54,12,99,15341.19,1593880
1.68,36.94,7.50,14.14,16.54,-6.910729,107.676926,29.30,12,99,11564.64,1594087
2.52,22.39,9.84,13.04,64.22,-6.910729,107.676926,29.30,12,99,12705.99,1594294
3.96,71.03,20.67,26.76,241.92,-6.910740,107.676949,29.80,12,99,17079.16,1594501
6.50,86.00,11.33,17.57,84.11,-6.910746,107.676964,29.39,12,99,17074.59,1594708
7.84,89.14,12.26,17.42,23.07,-6.910752,107.676979,29.69,12,99,18975.83,1594917
5.99,94.42,17.87,21.37,33.49,-6.910759,107.676994,29.67,12,99,17495.73,1595125
8.35,103.63,8.84,6.08,59.10,-6.910769,107.677010,29.98,12,99,15943.91,1595333
9.61,94.22,16.86,22.28,34.59,-6.910779,107.677032,29.98,12,99,17988.59,1595540
8.29,91.41,0.82,10.02,10.36,-6.910786,107.677048,30.58,12,99,19917.30,1595748
-6.28,44.89,25.99,23.02,232.28,-6.910789,107.677055,30.00,12,99,12170.41,1595955
-7.51,86.23,27.55,32.37,204.47,-6.910800,107.677071,30.00,12,99,30877.69,1596164
-7.26,108.86,26.95,23.17,119.05,-6.910800,107.677071,30.00,12,99,6120.30,1596372
-6.83,109.53,21.76,20.36,15.93,-6.910806,107.677086,30.00,12,99,2595.52,1596579
-7.38,107.35,19.85,21.49,4.37,-6.910820,107.677116,31.56,12,99,1275.63,1596786
-8.09,60.43,20.49,23.37,219.05,-6.910823,107.677124,33.26,12,99,404.36,1596993
-7.37,73.06,6.91,12.01,68.06,-6.910823,107.677124,33.26,12,90,3254.70,1597200
-9.83,20.50,21.85,20.42,250.96,-6.910838,107.677155,31.48,12,89,341.80,1597407
-9.25,52.80,17.36,10.17,159.55,-6.910844,107.677170,30.47,12,75,183.11,1597616
-8.11,54.38,21.04,20.93,18.38,-6.910851,107.677185,30.91,12,51,1429.75,1597823
-8.68,100.74,28.66,27.86,229.88,-6.910858,107.677193,31.48,12,28,1774.60,1598031
-6.91,94.50,12.35,4.70,20.78,-6.910865,107.677208,30.84,12,4,213.62,1598238
-8.83,80.04,32.69,24.24,64.51,-6.910872,107.677223,30.72,12,0,161.74,1598445
-13.93,27.33,23.20,20.92,252.70,-6.910878,107.677238,31.34,12,0,132.75,1598652
-15.97,23.24,12.88,16.32,21.44,-6.910885,107.677254,30.98,12,1,77.82,1598861
-7.11,74.35,31.60,28.24,255.98,-6.910892,107.677269,30.80,12,0,152.59,1599068
-7.25,100.43,21.43,23.02,133.70,-6.910903,107.677284,30.78,12,0,129.70,1599275
-7.23,108.42,20.93,21.69,47.55,-6.910910,107.677299,30.50,12,0,108.34,1599482
-7.25,87.79,18.61,19.70,89.09,-6.910917,107.677315,30.48,12,0,114.44,1599689
-5.79,124.83,21.37,26.50,187.31,-6.910924,107.677330,31.17,12,0,129.70,1599897
-9.02,121.13,3.09,7.14,18.15,-6.910931,107.677345,30.95,12,0,132.75,1600105
-10.95,98.94,24.08,20.87,98.53,-6.910938,107.677353,30.74,12,0,123.60,1600312
-12.86,77.11,24.08,20.87,98.53,-6.910946,107.677368,30.28,12,0,129.70,1600519
-15.92,39.53,24.51,29.79,176.34,-6.910954,107.677383,30.69,12,0,120.54,1600726
-11.99,43.51,17.06,20.09,29.89,-6.910960,107.677399,30.43,12,0,126.65,1600933
-12.13,43.69,29.42,33.97,12.94,-6.910967,107.677406,29.89,12,0,129.70,1601140
-8.79,16.94,19.63,11.51,125.97,-6.910975,107.677422,30.67,12,0,126.65,1601349
-10.80,41.04,22.21,23.01,118.54,-6.910982,107.677437,30.71,12,1,108.34,1601556
-11.39,38.39,8.62,15.85,11.87,-6.910991,107.677444,29.78,12,0,126.65,1601763
-11.03,39.08,21.94,24.27,18.00,-6.910999,107.677460,29.82,12,0,152.59,1601970
-13.30,34.02,29.42,33.97,25.88,-6.911016,107.677483,29.85,12,0,202.94,1602177
-18.66,-18.28,27.75,29.71,252.90,-6.911025,107.677498,30.11,12,1,202.94,1602384
-14.28,20.40,28.16,31.36,187.25,-6.911025,107.677498,30.11,12,0,76.29,1602593
-17.98,20.04,8.93,12.22,15.90,-6.911038,107.677513,30.04,12,0,114.44,1602800
-22.28,5.24,16.46,17.71,80.54,-6.911048,107.677528,30.21,12,0,126.65,1603008
-20.62,2.35,12.31,14.96,9.10,-6.911048,107.677528,30.21,12,1,132.75,1603215
-20.33,-0.48,22.07,27.85,11.09,-6.911069,107.677551,30.84,12,0,117.49,1603422
-23.69,3.81,10.77,20.11,31.08,-6.911081,107.677559,29.65,12,0,132.75,1603629
-17.83,6.77,24.03,20.56,23.97,-6.911092,107.677567,28.35,12,1,141.91,1603836
-15.04,27.16,30.61,27.91,99.24,-6.911103,107.677574,29.19,12,0,102.23,1604047
-17.04,51.50,29.67,25.94,119.25,-6.911121,107.677589,29.80,12,0,144.96,1604254
-12.39,66.67,21.86,24.56,88.07,-6.911141,107.677605,29.80,12,0,114.44,1604462
-13.45,116.11,29.42,33.97,246.95,-6.911141,107.677605,29.80,12,0,158.69,1604669
-12.15,110.59,20.22,20.82,19.02,-6.911160,107.677612,29.34,12,0,129.70,1604876
-9.52,114.13,19.74,25.42,32.58,-6.911186,107.677628,29.24,12,1,126.65,1605083
-8.79,119.97,19.83,20.82,40.23,-6.911186,107.677628,29.24,12,0,132.75,1605292
-7.62,132.75,29.17,33.52,78.95,-6.911199,107.677635,29.11,12,1,129.70,1605500
-6.05,118.10,30.73,27.95,55.15,-6.911212,107.677643,30.35,12,0,126.65,1605797
-7.59,109.31,12.83,13.31,30.97,-6.911225,107.677643,27.69,12,0,129.70,1606005
-5.89,123.74,23.14,28.71,83.62,-6.911239,107.677650,28.95,12,0,114.44,1606212
-5.17,132.59,19.74,22.36,56.53,-6.911252,107.677658,28.48,12,0,138.85,1606420
-3.46,115.92,8.94,12.43,70.30,-6.911266,107.677658,30.32,12,0,117.49,1606629
-1.19,123.56,12.66,13.26,50.76,-6.911280,107.677666,29.28,12,0,128.17,1606836
-2.85,122.21,3.39,11.09,12.00,-6.911294,107.677673,29.69,12,1,114.44,1607043
-3.42,109.62,23.46,20.67,52.36,-6.911324,107.677681,29.24,12,3,119.02,1607250
-3.02,57.26,24.49,28.78,250.21,-6.911324,107.677681,29.24,12,0,134.28,1607457
0.28,76.86,19.63,22.18,103.37,-6.911345,107.677689,29.34,12,2,85.45,1607664
2.92,94.44,21.42,22.80,93.89,-6.911345,107.677689,29.34,12,0,112.92,1607871
5.36,106.23,19.84,23.27,70.42,-6.911374,107.677696,29.97,12,0,114.44,1608078
2.68,89.76,8.27,14.58,73.54,-6.911396,107.677696,28.78,12,0,144.96,1608285
3.36,79.36,20.52,25.06,42.05,-6.911396,107.677696,28.78,12,0,128.17,1608492
6.36,80.63,22.58,28.25,20.36,-6.911417,107.677704,28.43,12,0,125.12,1608699
6.98,62.91,21.48,26.45,78.44,-6.911432,107.677704,28.61,12,0,68.66,1608906
8.11,67.99,20.27,22.22,32.98,-6.911447,107.677711,29.41,12,0,106.81,1609113
10.80,68.27,13.34,16.74,15.06,-6.911462,107.677711,29.37,12,0,80.87,1609322
9.21,79.91,16.52,23.69,62.01,-6.911477,107.677711,29.00,12,0,126.65,1609529
10.07,94.93,18.31,19.22,82.09,-6.911492,107.677719,29.04,12,0,39.67,1609736
8.97,86.96,4.85,12.65,31.46,-6.911521,107.677719,29.06,12,2,122.07,1609943
7.95,83.12,6.18,9.52,13.21,-6.911521,107.677719,29.06,12,4,115.97,1610151
4.92,78.60,22.32,20.35,16.65,-6.911551,107.677719,29.32,12,0,129.70,1610358
8.16,80.35,9.93,19.68,24.12,-6.911558,107.677727,29.17,12,0,117.49,1610567
10.31,88.63,10.95,10.08,49.80,-6.911573,107.677727,28.87,12,0,39.67,1610774
12.95,76.51,20.36,22.79,51.21,-6.911588,107.677727,28.72,12,0,115.97,1610981
14.54,58.16,20.81,22.19,80.36,-6.911602,107.677727,28.89,12,0,119.02,1611188
13.36,35.90,21.07,24.76,103.16,-6.911616,107.677727,28.98,12,0,135.80,1611395
12.18,33.15,10.13,17.69,11.99,-6.911631,107.677727,29.08,12,1,125.12,1611602
13.04,31.34,8.31,12.04,6.92,-6.911645,107.677727,28.26,12,0,131.23,1611809
12.45,27.81,8.97,16.30,14.55,-6.911660,107.677727,29.09,12,4,135.80,1612018
12.14,9.39,7.54,13.70,86.68,-6.911674,107.677727,28.58,12,0,123.60,1612225
8.78,1.01,6.35,14.86,42.58,-6.911689,107.677727,29.39,12,1,141.91,1612432
5.50,-7.21,6.35,14.86,42.58,-6.911705,107.677727,29.37,12,0,131.23,1612639
5.76,-8.63,14.58,20.68,8.65,-6.911719,107.677727,29.08,12,0,128.17,1612846
4.96,-28.54,20.85,25.55,100.20,-6.911748,107.677719,28.80,12,0,105.29,1613053
9.51,-36.67,18.72,21.06,40.53,-6.911748,107.677719,28.80,12,0,128.17,1613262
12.10,-24.68,26.20,28.52,60.45,-6.911770,107.677719,29.24,12,0,126.65,1613469
8.53,-18.37,16.96,13.21,23.85,-6.911792,107.677719,29.19,12,0,120.54,1613676
8.59,-17.36,20.19,26.38,4.14,-6.911799,107.677719,29.08,12,1,120.54,1613883
7.58,-28.54,18.28,21.56,57.32,-6.911814,107.677711,28.47,12,0,122.07,1614090
6.76,-6.22,21.15,26.28,107.06,-6.911829,107.677711,29.48,12,2,125.12,1614297
5.64,7.36,11.22,20.36,67.52,-6.911843,107.677711,29.04,12,0,137.33,1614506
10.14,8.02,11.72,14.72,32.71,-6.911858,107.677704,29.24,12,0,123.60,1614713
8.21,7.04,23.25,20.44,17.21,-6.911872,107.677704,29.76,12,0,143.43,1614920
10.36,28.10,22.84,27.89,106.72,-6.911887,107.677696,28.54,12,5,305.18,1615127
6.69,13.02,23.03,28.62,73.83,-6.911908,107.677696,29.11,12,0,109.86,1615334
8.90,-23.28,20.52,20.88,177.03,-6.911908,107.677696,29.11,12,0,38.15,1615541
8.18,0.41,26.04,25.40,111.13,-6.911928,107.677689,28.89,12,0,90.03,1615748
6.45,1.26,14.71,17.14,17.11,-6.911941,107.677681,27.91,12,0,56.46,1615957
3.00,3.24,15.88,11.28,14.87,-6.911954,107.677681,28.85,12,0,192.26,1616164
0.50,-1.83,25.04,24.91,28.39,-6.911968,107.677673,28.69,12,0,74.77,1616371
0.36,-18.38,21.98,27.06,81.17,-6.911982,107.677673,28.69,12,0,115.97,1616578
-1.23,-3.37,11.76,14.36,69.78,-6.912009,107.677658,28.69,12,0,70.19,1616785
-1.84,-25.16,22.74,26.80,106.03,-6.912023,107.677650,30.19,12,2,112.92,1616992
-4.09,-35.72,23.87,24.51,53.08,-6.912036,107.677643,29.84,12,0,141.91,1617201
-2.76,-45.16,6.42,13.47,51.81,-6.912043,107.677643,29.41,12,0,151.06,1617409
-2.49,-42.33,9.62,18.84,11.56,-6.912059,107.677635,32.67,12,1,181.58,1617616
-1.73,-49.07,10.87,17.28,37.57,-6.912076,107.677635,33.37,12,1,111.39,1617823
-1.69,-87.27,15.95,8.44,186.69,-6.912093,107.677628,36.45,12,0,120.54,1618030
-0.13,-119.38,26.12,31.16,163.54,-6.912113,107.677620,39.74,12,0,109.86,1618237
-3.52,-133.24,17.11,24.11,80.47,-6.912144,107.677605,34.61,12,0,193.79,1618444
-2.00,-117.16,22.29,21.35,66.98,-6.912158,107.677597,31.71,12,4,144.96,1618653
-0.01,-122.08,13.23,17.73,36.22,-6.912158,107.677597,31.71,12,0,151.06,1618860
-0.49,-145.80,19.44,23.52,125.92,-6.912170,107.677589,31.65,12,0,129.70,1619067
-1.43,-137.10,16.12,19.44,28.25,-6.912183,107.677582,29.78,12,7,131.23,1619274
-0.03,-146.07,21.01,19.74,58.30,-6.912196,107.677574,30.04,12,0,144.96,1619484
-1.13,-167.23,25.60,26.48,115.67,-6.912220,107.677559,30.04,12,0,128.17,1619691
0.25,-179.03,11.32,16.73,75.60,-6.912226,107.677551,30.22,12,0,167.85,1619900
0.69,-162.45,13.30,8.77,62.83,-6.912239,107.677544,30.80,12,0,115.97,1620106
-0.23,-176.58,5.31,8.49,84.58,-6.912239,107.677544,30.80,12,0,114.44,1620313
1.67,-176.63,5.16,10.48,17.67,-6.912264,107.677528,29.93,12,2,96.13,1620520
1.19,-186.74,10.22,6.70,66.60,-6.912277,107.677521,29.78,12,2,123.60,1620727
4.77,-191.85,17.36,24.29,47.47,-6.912289,107.677505,30.00,12,0,108.34,1620934
6.32,-174.40,5.80,5.81,66.54,-6.912300,107.677498,29.67,12,0,120.54,1621143
6.08,-183.35,9.05,17.82,62.34,-6.912317,107.677483,30.11,12,0,138.85,1621350
8.17,-194.91,14.97,15.92,71.41,-6.912333,107.677467,29.95,12,0,132.75,1621557
9.37,-209.92,13.60,20.67,92.50,-6.912333,107.677467,29.95,12,0,126.65,1621764
9.52,-216.46,20.28,14.84,58.50,-6.912355,107.677444,29.95,12,0,129.70,1621971
9.06,-214.47,15.56,20.40,13.33,-6.912365,107.677437,29.67,12,3,160.22,1622178
7.12,-217.20,8.24,12.15,42.59,-6.912371,107.677429,29.21,12,2,175.48,1622387
10.57,-193.00,10.32,5.23,104.23,-6.912381,107.677422,29.17,12,1,134.28,1622595
7.55,-240.47,24.77,27.26,251.56,-6.912391,107.677406,29.37,12,1,13.73,1622802
8.18,-219.65,14.48,21.76,77.13,-6.912400,107.677399,28.87,12,0,93.08,1623009
7.95,-245.33,5.83,6.84,149.45,-6.912409,107.677391,29.09,12,2,144.96,1623216
6.38,-245.64,6.08,13.15,27.34,-6.912419,107.677376,28.69,12,0,122.07,1623423
5.27,-240.56,22.21,27.06,3.24,-6.912428,107.677368,28.59,12,3,125.12,1623630
3.61,-242.54,23.05,22.06,35.95,-6.912436,107.677353,28.30,12,0,105.29,1623839
3.63,-229.72,18.25,14.18,35.77,-6.912446,107.677345,28.39,12,0,106.81,1624046
4.43,-252.38,23.03,18.75,134.57,-6.912454,107.677330,29.04,12,1,108.34,1624253
3.97,-245.29,21.26,21.15,11.23,-6.912467,107.677315,28.93,12,0,144.96,1624460
1.90,-254.00,9.01,13.41,73.79,-6.912478,107.677299,28.93,12,0,96.13,1624667
2.61,-254.61,12.27,20.95,27.45,-6.912478,107.677299,28.93,12,5,119.02,1624874
3.41,-242.83,27.60,24.95,33.32,-6.912486,107.677284,28.17,12,4,126.65,1625083
8.90,-196.46,26.67,30.50,204.46,-6.912493,107.677269,28.17,12,0,6.10,1625290
8.58,-219.31,29.42,33.97,127.76,-6.912505,107.677254,27.93,12,0,143.43,1625497
5.51,-207.12,17.65,17.34,47.58,-6.912512,107.677238,28.50,12,1,114.44,1625704
2.93,-189.63,29.38,27.74,61.49,-6.912519,107.677231,28.00,12,0,94.60,1625911
2.48,-175.98,16.65,16.43,49.92,-6.912526,107.677216,29.04,12,0,126.65,1626118
2.68,-152.31,23.43,28.94,98.39,-6.912532,107.677200,27.65,12,0,158.69,1626327
3.02,-132.15,28.92,33.54,88.55,-6.912539,107.677193,27.61,12,0,115.97,1626534
-0.41,-148.82,21.77,26.45,99.79,-6.912545,107.677177,27.63,12,0,122.07,1626741
-5.09,-103.77,28.99,33.19,204.92,-6.912551,107.677170,28.21,12,0,126.65,1626948
-3.14,-112.23,12.95,17.52,52.15,-6.912558,107.677155,28.02,12,0,216.67,1627155
0.04,-113.33,11.30,11.50,34.28,-6.912563,107.677139,28.21,12,0,128.17,1627361
2.66,-90.99,21.69,22.01,100.79,-6.912570,107.677124,29.19,12,0,105.29,1627570
2.58,-99.70,23.35,28.87,51.32,-6.912576,107.677116,27.17,12,0,117.49,1627777
4.19,-110.79,8.35,14.91,64.48,-6.912581,107.677101,28.22,12,0,125.12,1627984
3.30,-106.29,8.69,6.50,23.13,-6.912585,107.677086,28.06,12,0,158.69,1628191
2.43,-93.05,21.75,26.00,57.56,-6.912591,107.677071,27.48,12,0,106.81,1628398
-1.21,-101.79,19.47,21.39,54.95,-6.912595,107.677055,28.09,12,0,128.17,1628605
2.00,-149.73,27.95,30.75,254.79,-6.912598,107.677040,27.34,12,0,129.70,1628812
1.92,-115.08,20.58,21.98,165.41,-6.912602,107.677025,27.84,12,0,122.07,1629021
9.44,-115.78,29.42,33.97,41.17,-6.912604,107.677017,28.08,12,0,170.90,1629228
8.34,-124.29,21.33,26.13,52.61,-6.912607,107.677002,27.45,12,0,155.64,1629435
9.34,-129.23,14.09,22.07,37.04,-6.912609,107.676987,28.22,12,0,117.49,1629642
7.93,-135.21,22.21,26.90,44.11,-6.912611,107.676971,27.28,12,0,114.44,1629849
8.61,-134.05,21.94,27.75,9.57,-6.912611,107.676956,27.98,12,0,119.02,1630056
5.78,-110.98,21.06,24.35,101.00,-6.912612,107.676941,26.50,12,2,125.12,1630265
9.12,-100.58,8.59,7.89,46.50,-6.912612,107.676933,27.21,12,0,105.29,1630472
8.99,-57.44,24.72,27.11,199.16,-6.912613,107.676918,27.91,12,0,129.70,1630679
9.31,-63.19,9.81,14.88,34.35,-6.912613,107.676903,27.45,12,0,122.07,1630886
9.00,-45.88,21.57,19.66,79.03,-6.912611,107.676888,27.82,12,2,132.75,1631093
3.70,-49.79,21.27,16.13,33.49,-6.912609,107.676857,27.32,12,0,47.30,1631300
4.41,-65.49,21.78,26.61,81.82,-6.912609,107.676857,27.32,12,3,234.99,1631510
3.24,-98.00,24.38,29.71,165.44,-6.912608,107.676842,27.15,12,0,138.85,1631717
2.84,-101.83,18.36,22.94,31.86,-6.912608,107.676826,28.19,12,0,125.12,1631924
2.45,-105.60,18.36,22.94,31.86,-6.912607,107.676811,27.48,12,0,123.60,1632131
2.98,-99.09,20.65,20.04,25.33,-6.912607,107.676811,27.48,12,0,148.01,1632338
2.58,-87.08,22.61,20.81,56.93,-6.912603,107.676781,27.21,12,0,132.75,1632545
1.07,-89.69,22.02,21.06,25.79,-6.912601,107.676765,25.98,12,0,236.51,1632754
0.12,-74.34,24.40,24.71,63.20,-6.912599,107.676758,26.72,12,1,123.60,1632961
0.54,-53.90,17.76,24.54,96.05,-6.912597,107.676743,26.58,12,0,73.24,1633168
1.13,-59.72,11.26,16.82,38.10,-6.912593,107.676720,26.63,12,0,137.33,1633375
3.97,-56.31,23.65,29.12,18.83,-6.912593,107.676720,26.63,12,0,126.65,1633583
-1.21,-40.84,23.81,20.92,72.84,-6.912590,107.676697,28.11,12,0,62.56,1633790
1.13,-41.58,20.51,20.28,15.48,-6.912584,107.676674,27.45,12,3,141.91,1633998
-1.84,-34.47,10.85,20.15,34.35,-6.912584,107.676674,27.45,12,2,262.45,1634207
-1.61,-41.81,27.82,24.50,46.24,-6.912581,107.676659,27.15,12,0,228.88,1634415
-5.73,-4.91,20.71,21.82,183.36,-6.912577,107.676636,25.98,12,1,129.70,1634623
-3.40,-19.05,28.46,27.95,65.78,-6.912574,107.676628,27.15,12,1,100.71,1634830
-6.01,-57.25,19.62,22.01,190.76,-6.912571,107.676613,26.76,12,0,132.75,1635040
-9.93,-30.80,20.23,20.38,129.10,-6.912566,107.676582,26.67,12,1,143.43,1635247
-7.89,-24.74,17.01,16.62,32.08,-6.912566,107.676582,26.67,12,0,115.97,1635457
-6.77,-9.79,20.16,22.08,70.07,-6.912563,107.676575,26.19,12,0,170.90,1635665
-6.95,-2.43,15.66,15.63,34.41,-6.912560,107.676559,26.43,12,0,99.18,1635872
-5.02,7.71,20.76,21.68,49.78,-6.912557,107.676544,26.95,12,0,115.97,1636079
-6.16,-2.39,21.81,25.17,48.05,-6.912554,107.676537,26.43,12,3,125.12,1636287
-5.24,-3.17,6.32,10.45,12.02,-6.912549,107.676514,26.58,12,0,123.60,1636494
-5.89,-3.67,20.62,20.21,17.08,-6.912549,107.676514,26.58,12,0,128.17,1636703
-6.42,-2.98,8.97,14.39,5.65,-6.912543,107.676491,25.95,12,0,112.92,1636910
0.00,-22.51,25.60,23.54,97.22,-6.912540,107.676476,25.71,12,0,123.60,1637117
-2.28,-10.76,14.40,11.86,50.82,-6.912540,107.676476,25.71,12,0,167.85,1637324
-2.11,-16.58,11.77,17.13,32.14,-6.912535,107.676453,25.91,12,0,157.17,1637532
-0.60,-9.34,8.35,16.49,34.57,-6.912531,107.676437,26.06,12,0,143.43,1637739
0.05,22.46,17.32,22.45,154.84,-6.912528,107.676422,25.93,12,0,222.78,1637946
-0.90,20.33,10.43,13.61,12.46,-6.912525,107.676414,25.67,12,0,135.80,1638157
2.32,19.27,16.44,23.64,17.86,-6.912521,107.676392,25.13,12,0,149.54,1638363
2.05,2.91,13.93,16.97,80.04,-6.912521,107.676392,25.13,12,1,45.78,1638570
-3.36,6.48,25.39,25.09,24.53,-6.912517,107.676376,25.04,12,0,134.28,1638777
-1.84,28.69,17.21,16.52,107.26,-6.912514,107.676361,25.28,12,2,131.23,1638984
-3.95,49.05,14.16,12.89,105.69,-6.912510,107.676353,25.50,12,2,109.86,1639191
-5.01,-3.27,19.60,20.39,250.49,-6.912505,107.676331,24.52,12,0,202.94,1639400
-3.66,-28.77,29.42,33.97,122.22,-6.912502,107.676323,24.96,12,2,131.23,1639607
-2.06,2.48,11.23,19.02,150.91,-6.912498,107.676308,25.48,12,5,204.47,1639814
-4.47,-0.63,6.76,5.48,19.61,-6.912496,107.676300,24.08,12,0,131.23,1640021
-4.23,6.02,3.68,9.79,35.11,-6.912492,107.676285,24.46,12,0,148.01,1640228
0.24,7.50,6.63,9.44,23.09,-6.912490,107.676270,25.00,12,0,119.02,1640435
2.13,6.05,23.39,28.91,8.63,-6.912487,107.676262,24.91,12,0,105.29,1640644
0.87,-9.44,19.75,23.08,76.85,-6.912484,107.676247,24.65,12,0,117.49,1640851
-1.41,-14.71,4.29,9.65,29.99,-6.912480,107.676239,24.26,12,0,143.43,1641058
-0.97,-22.19,6.38,14.83,37.70,-6.912477,107.676224,24.06,12,1,122.07,1641265
-2.47,-21.81,2.07,11.52,10.85,-6.912475,107.676208,25.00,12,1,117.49,1641472
-6.09,-36.51,16.16,11.37,77.25,-6.912471,107.676201,23.76,12,3,114.44,1641679
-2.59,-32.49,3.99,13.22,24.03,-6.912468,107.676186,24.74,12,2,151.06,1641886
-5.06,-40.66,12.22,19.34,45.90,-6.912463,107.676163,24.32,12,0,163.27,1642095
-1.32,-47.99,7.01,8.76,47.94,-6.912460,107.676155,24.32,12,1,115.97,1642302
-1.17,-90.90,27.77,24.20,213.31,-6.912458,107.676147,24.15,12,0,129.70,1642509
-1.55,-121.32,25.17,30.36,157.25,-6.912458,107.676147,24.15,12,0,109.86,1642716
-3.32,-124.27,20.59,20.50,29.13,-6.912453,107.676125,23.85,12,0,115.97,1642923
-2.12,-121.66,4.22,10.47,5.90,-6.912451,107.676109,23.67,12,0,141.91,1643130
-5.79,-137.09,17.20,11.63,89.84,-6.912451,107.676109,23.67,12,0,138.85,1643339
-4.42,-155.48,27.94,30.69,100.11,-6.912449,107.676086,23.89,12,0,114.44,1643546
-3.03,-132.34,9.08,15.09,96.90,-6.912447,107.676071,24.78,12,0,151.06,1643753
-3.58,-139.76,16.45,13.78,53.71,-6.912445,107.676064,24.13,12,0,158.69,1643960
-3.58,-136.52,9.37,13.04,2.90,-6.912442,107.676048,24.09,12,0,131.23,1644167
-3.02,-135.71,3.38,10.56,16.89,-6.912437,107.676033,23.80,12,0,114.44,1644374
-2.74,-122.11,18.99,25.48,56.18,-6.912437,107.676033,23.80,12,8,151.06,1644583
-2.14,-133.77,22.42,25.90,67.85,-6.912431,107.676003,24.13,12,3,144.96,1644790
-0.70,-132.88,9.71,10.09,14.17,-6.912428,107.675987,24.41,12,0,152.59,1644997
0.36,-122.96,15.03,21.74,39.34,-6.912428,107.675987,24.41,12,0,137.33,1645204
-1.08,-125.21,14.94,19.69,23.51,-6.912426,107.675964,24.46,12,0,148.01,1645411
-1.71,-131.72,17.54,21.29,42.85,-6.912424,107.675957,24.46,12,0,122.07,1645618
-1.53,-122.35,10.75,17.16,33.91,-6.912422,107.675949,24.15,12,0,112.92,1645827
-1.60,-119.68,8.15,15.53,14.77,-6.912418,107.675926,24.04,12,0,134.28,1646034
-1.30,-111.86,6.27,15.91,26.30,-6.912416,107.675919,23.80,12,0,120.54,1646241
-0.81,-108.35,20.07,23.48,7.56,-6.912414,107.675911,23.74,12,0,99.18,1646448
-1.79,-117.48,6.78,15.52,56.81,-6.912411,107.675903,23.41,12,0,140.38,1646655
-3.38,-117.01,20.04,23.89,15.88,-6.912408,107.675888,22.96,12,0,65.61,1646862
-5.99,-115.35,15.18,11.39,10.40,-6.912405,107.675880,22.82,12,0,114.44,1647069
-5.86,-106.16,18.14,18.50,31.87,-6.912402,107.675865,23.50,12,0,120.54,1647278
-8.33,-100.39,6.16,13.29,22.63,-6.912398,107.675858,22.71,12,0,47.30,1647485
-7.94,-95.90,3.77,6.97,13.73,-6.912395,107.675842,22.46,12,0,129.70,1647692
-9.09,-86.15,5.22,11.16,39.29,-6.912394,107.675835,22.85,12,0,137.33,1647899
-8.68,-79.27,9.59,9.83,22.92,-6.912392,107.675819,23.34,12,1,177.00,1648106
-6.95,-77.34,2.46,8.96,7.19,-6.912390,107.675797,23.52,12,1,105.29,1648313
-6.53,-69.73,14.65,18.60,30.15,-6.912390,107.675797,23.52,12,0,134.28,1648522
-2.57,-68.18,10.59,11.92,19.94,-6.912387,107.675789,23.52,12,0,144.96,1648729
-3.38,-67.52,21.03,27.03,10.01,-6.912383,107.675766,22.65,12,5,115.97,1648936
-1.98,-65.95,12.63,7.79,18.12,-6.912381,107.675758,22.84,12,2,198.36,1649143
-1.17,-64.57,10.92,13.64,4.16,-6.912381,107.675758,22.84,12,2,143.43,1649350
1.14,-37.53,22.01,27.80,128.93,-6.912375,107.675735,23.09,12,0,93.08,1649557
0.33,-26.88,12.57,20.08,52.02,-6.912372,107.675728,23.19,12,0,54.93,1649766
4.28,20.79,28.05,31.07,229.08,-6.912371,107.675713,21.76,12,0,148.01,1649973
3.16,14.31,19.69,22.40,32.29,-6.912369,107.675705,21.08,12,0,126.65,1650180
3.23,14.49,4.92,12.53,12.70,-6.912365,107.675690,22.63,12,0,114.44,1650387
3.34,18.85,9.55,15.59,22.90,-6.912363,107.675682,22.48,12,0,108.34,1650595
2.85,9.08,9.42,15.17,43.68,-6.912360,107.675674,22.02,12,0,76.29,1650802
2.23,36.45,21.52,26.98,136.63,-6.912354,107.675652,21.87,12,0,109.86,1651009
2.01,36.92,7.39,14.98,10.42,-6.912354,107.675652,21.87,12,0,141.91,1651218
4.92,35.24,3.15,12.51,16.70,-6.912350,107.675636,21.39,12,4,109.86,1651425
4.92,31.56,11.84,18.71,13.27,-6.912346,107.675621,22.82,12,0,158.69,1651632
4.56,16.70,25.91,30.98,70.03,-6.912344,107.675613,20.96,12,0,144.96,1651839
5.03,26.23,13.73,12.69,49.44,-6.912340,107.675606,21.72,12,0,151.06,1652046
2.23,13.06,20.07,26.30,64.51,-6.912337,107.675591,21.24,12,0,64.09,1652253
6.78,13.18,28.01,23.41,12.23,-6.912334,107.675583,21.45,12,4,131.23,1652462
5.33,48.62,21.81,22.62,173.37,-6.912333,107.675575,21.26,12,1,85.45,1652669
4.97,29.66,19.78,21.11,88.98,-6.912330,107.675560,21.45,12,0,161.74,1652876
4.96,39.12,5.35,11.72,50.01,-6.912327,107.675552,21.95,12,0,128.17,1653083
5.28,48.43,15.44,17.06,49.39,-6.912324,107.675545,21.26,12,2,143.43,1653290
8.62,47.99,20.29,24.88,14.70,-6.912321,107.675529,20.91,12,0,146.48,1653497
8.27,26.63,26.04,24.93,97.07,-6.912318,107.675514,20.85,12,1,149.54,1653704
9.83,29.39,10.01,11.39,21.13,-6.912315,107.675499,20.43,12,1,120.54,1653911
10.66,30.77,7.63,17.25,17.48,-6.912313,107.675491,20.43,12,0,120.54,1654118
10.29,42.50,12.83,17.22,60.30,-6.912313,107.675491,20.43,12,0,112.92,1654325
10.61,38.14,7.13,13.30,16.40,-6.912310,107.675476,20.89,12,2,146.48,1654532
10.31,34.71,9.93,16.64,14.81,-6.912307,107.675461,21.06,12,11,389.10,1654739
9.78,23.10,16.84,23.92,53.94,-6.912305,107.675453,20.82,12,14,450.13,1654946
6.91,22.48,15.97,19.70,9.98,-6.912303,107.675446,21.63,12,22,282.29,1655155
8.62,37.91,21.73,20.76,79.85,-6.912300,107.675430,20.89,12,25,399.78,1655362
8.85,88.50,16.87,18.06,251.44,-6.912300,107.675430,20.89,12,25,370.79,1655569
8.55,94.15,14.75,14.63,34.57,-6.912296,107.675415,20.61,12,33,231.93,1655776
7.24,102.05,6.58,15.53,46.79,-6.912294,107.675400,20.78,12,33,579.83,1655983
9.16,93.86,13.28,21.56,30.16,-6.912292,107.675392,20.63,12,42,332.64,1656190
11.04,85.83,13.28,21.56,30.16,-6.912289,107.675385,21.15,12,43,737.00,1656399
14.44,104.89,21.04,25.79,103.69,-6.912285,107.675362,20.48,12,56,480.65,1656606
15.18,96.87,10.28,5.99,29.73,-6.912285,107.675362,20.48,12,53,712.59,1656813
14.08,98.70,13.54,16.87,21.90,-6.912281,107.675339,20.65,12,53,718.69,1657020
13.06,91.63,12.97,14.84,24.38,-6.912279,107.675339,20.24,12,56,697.33,1657227
12.20,90.21,9.43,16.72,7.66,-6.912277,107.675323,20.22,12,57,593.57,1657434
11.02,71.74,21.02,20.56,83.36,-6.912275,107.675316,20.17,12,62,669.86,1657643
10.84,68.18,6.40,13.08,10.08,-6.912273,107.675308,20.24,12,63,933.84,1657850
10.91,69.18,7.78,15.77,11.84,-6.912271,107.675293,20.09,12,61,799.56,1658057
9.62,63.97,17.00,17.55,21.50,-6.912268,107.675285,19.82,12,63,769.04,1658264
9.62,65.95,1.85,11.12,15.97,-6.912266,107.675278,20.26,12,66,930.79,1658471
8.79,57.91,8.46,14.99,31.62,-6.912263,107.675262,19.85,12,63,846.86,1658678
8.47,51.11,6.63,11.73,25.99,-6.912261,107.675255,19.98,12,69,848.39,1658885
6.91,72.52,14.24,13.83,105.63,-6.912259,107.675247,20.02,12,78,825.50,1659095
5.53,66.40,7.74,17.17,23.89,-6.912257,107.675232,20.11,12,80,421.14,1659302
5.52,67.76,8.96,9.48,14.80,-6.912254,107.675224,19.98,12,89,1231.38,1659509
6.72,53.82,9.01,14.27,61.95,-6.912252,107.675217,19.98,12,88,808.72,1659716
6.21,63.08,13.74,15.74,49.18,-6.912250,107.675209,19.98,12,94,1687.62,1659923
7.71,70.75,2.32,10.51,44.54,-6.912247,107.675194,19.48,12,99,1400.76,1660130
6.12,74.03,10.35,12.49,18.26,-6.912247,107.675194,19.48,12,99,5047.61,1660339
6.89,67.52,18.34,22.91,24.41,-6.912242,107.675171,19.58,12,99,7412.72,1660546
5.48,90.44,19.80,22.50,118.95,-6.912240,107.675163,19.78,12,99,6692.50,1660754
4.81,86.52,3.41,9.39,13.14,-6.912238,107.675156,19.11,12,99,5984.50,1660961
4.78,76.88,4.05,12.59,37.48,-6.912236,107.675140,19.46,12,99,4374.69,1661168
5.31,76.90,13.46,13.75,9.66,-6.912234,107.675133,19.43,12,99,1364.14,1661375
6.32,87.65,13.30,15.87,58.38,-6.912232,107.675125,19.95,12,99,6202.70,1661584
8.09,90.73,16.64,23.78,26.74,-6.912230,107.675117,19.83,12,99,6629.94,1661791
5.43,93.58,5.40,9.68,29.10,-6.912228,107.675102,19.48,12,99,6085.21,1661998
6.64,103.90,12.06,15.54,59.31,-6.912226,107.675095,20.56,12,99,5541.99,1662205
6.60,97.77,3.43,10.37,18.92,-6.912223,107.675087,20.85,12,99,5203.25,1662412
4.12,93.59,19.94,23.71,16.09,-6.912221,107.675072,20.85,12,99,2919.01,1662619
4.79,99.66,6.22,8.26,42.37,-6.912218,107.675056,20.54,12,99,6137.08,1662826
5.85,97.71,5.42,7.20,10.18,-6.912215,107.675049,22.41,12,99,5876.16,1663035
3.96,84.63,17.37,17.07,58.05,-6.912213,107.675034,20.87,12,99,5789.18,1663242
3.36,76.12,13.19,18.29,33.98,-6.912210,107.675026,21.63,12,99,3938.29,1663449
2.54,84.55,17.87,17.96,51.30,-6.912209,107.675018,21.87,12,99,3825.38,1663656
2.27,59.77,20.13,23.58,112.67,-6.912206,107.675003,21.91,12,99,3567.50,1663863
2.99,76.07,8.87,16.93,85.72,-6.912203,107.674995,22.32,12,99,4199.22,1664070
4.90,73.31,10.84,17.08,8.83,-6.912201,107.674980,22.67,12,99,4498.29,1664290
1.85,59.57,6.01,5.00,63.42,-6.912197,107.674965,23.11,12,99,4699.71,1664499
2.19,51.73,8.53,9.06,38.73,-6.912194,107.674950,23.11,12,99,5413.82,1664706
4.53,46.32,10.61,18.13,26.20,-6.912194,107.674950,23.11,12,99,6326.29,1664914
5.18,51.67,1.78,9.64,30.54,-6.912194,107.674950,23.11,12,99,6489.56,1665121
6.45,46.01,10.42,17.57,22.57,-6.912185,107.674911,23.00,12,99,7751.46,1665328
4.96,40.03,14.68,4.89,30.85,-6.912183,107.674896,23.32,12,99,5935.67,1665537
6.08,46.16,20.50,24.44,34.26,-6.912180,107.674889,23.17,12,99,5886.84,1665744
6.90,44.80,7.09,9.16,3.81,-6.912178,107.674873,23.26,12,99,0.00,1665951
7.19,50.95,13.37,14.68,34.70,-6.912173,107.674850,25.00,12,99,0.00,1666160
9.31,66.43,2.82,8.62,81.94,-6.912173,107.674850,25.00,12,99,5377.20,1666367
8.37,58.83,4.17,10.32,31.89,-6.912170,107.674843,23.32,12,99,5377.20,1666574
8.76,49.47,6.59,5.92,38.14,-6.912168,107.674828,23.91,12,99,4306.03,1666781
5.95,19.63,21.07,22.11,100.99,-6.912165,107.674812,24.58,12,99,4058.84,1666991
6.44,14.93,6.85,8.63,22.90,-6.912161,107.674797,24.11,12,99,4850.77,1667198
7.24,12.28,4.55,12.51,14.79,-6.912161,107.674797,24.11,12,99,2497.86,1667405
7.24,12.28,4.55,12.51,14.79,-6.912158,107.674782,24.45,12,99,2674.87,1667612
5.44,-4.43,4.95,12.61,18.07,-6.912155,107.674767,24.45,12,99,4295.35,1667819
5.39,14.22,20.23,23.11,90.80,-6.912151,107.674759,24.93,12,99,2798.46,1668026
4.00,8.52,10.40,12.78,29.48,-6.912148,107.674744,24.87,12,99,3251.65,1668236
4.37,15.50,22.18,25.06,33.72,-6.912146,107.674728,24.65,12,99,2943.42,1668444
2.51,20.00,12.55,20.77,29.71,-6.912143,107.674721,24.65,12,99,2729.80,1668651
1.48,37.09,22.72,23.98,82.18,-6.912139,107.674698,25.67,12,99,3318.79,1668858
2.89,44.74,22.39,25.88,41.46,-6.912136,107.674690,25.61,12,99,5120.85,1669065
1.28,37.69,8.68,12.26,32.70,-6.912133,107.674675,25.28,12,99,396.73,1669272
-1.22,20.34,29.42,33.97,80.42,-6.912130,107.674660,26.19,12,99,419.62,1669481
-0.86,25.59,17.38,24.30,26.46,-6.912128,107.674652,24.61,12,99,3025.82,1669688
-1.54,55.55,21.33,24.55,148.49,-6.912125,107.674637,25.41,12,99,3521.73,1669896
1.63,51.28,21.22,20.57,20.79,-6.912122,107.674622,25.54,12,99,2906.80,1670103
3.62,30.40,22.79,25.25,95.48,-6.912119,107.674614,26.09,12,99,2151.49,1670310
5.37,22.93,9.84,16.01,32.81,-6.912117,107.674599,25.74,12,99,2505.49,1670517
5.97,25.46,5.98,9.73,15.30,-6.912114,107.674583,25.58,12,99,2081.30,1670724
7.73,26.71,15.14,18.87,16.13,-6.912110,107.674576,24.67,12,99,2125.55,1670933
8.18,59.62,22.36,20.57,165.47,-6.912104,107.674553,25.98,12,99,616.46,1671140
9.13,59.69,16.42,22.01,12.63,-6.912104,107.674553,25.98,12,99,877.38,1671347
8.36,70.02,18.59,21.05,56.87,-6.912100,107.674530,25.24,12,99,427.25,1671554
6.05,81.87,19.90,20.66,66.63,-6.912097,107.674515,25.04,12,99,1287.84,1671761
7.42,84.43,20.57,23.79,22.00,-6.912094,107.674507,26.35,12,99,1423.65,1671968
7.79,109.12,20.99,23.75,128.88,-6.912094,107.674507,26.35,12,99,2273.56,1672177
6.93,124.77,22.29,24.66,85.89,-6.912088,107.674477,25.84,12,99,717.16,1672384
8.23,115.04,6.57,8.33,31.97,-6.912086,107.674469,26.74,12,99,1368.71,1672591
8.63,116.02,21.55,27.12,16.55,-6.912083,107.674454,25.91,12,99,376.89,1672798
6.25,94.93,20.75,20.82,94.23,-6.912079,107.674438,26.09,12,99,286.87,1673005
6.00,98.95,13.15,15.06,26.53,-6.912076,107.674431,26.97,12,99,883.48,1673212
8.09,118.87,21.12,25.23,107.29,-6.912070,107.674400,27.15,12,99,552.37,1673421
9.80,122.10,3.90,13.61,29.75,-6.912068,107.674393,26.72,12,99,2478.03,1673628
8.90,114.89,16.24,16.46,26.94,-6.912064,107.674377,26.72,12,99,2009.58,1673835
10.28,117.93,10.95,17.31,28.51,-6.912060,107.674362,26.91,12,99,2952.58,1674042
9.97,108.71,20.50,25.02,37.33,-6.912059,107.674355,27.15,12,99,2464.29,1674249
10.09,126.80,25.45,26.52,96.67,-6.912055,107.674339,27.41,12,99,4670.72,1674456
6.24,77.10,29.42,33.97,230.41,-6.912053,107.674332,27.32,12,99,2929.69,1674665
9.02,85.34,22.44,21.82,50.19,-6.912049,107.674316,27.65,12,99,6819.15,1674873
5.29,83.12,15.73,10.78,10.08,-6.912046,107.674301,27.97,12,99,5853.27,1675080
3.21,95.09,15.43,16.90,63.55,-6.912043,107.674286,28.17,12,99,4908.75,1675287
6.02,90.67,9.59,17.71,16.02,-6.912039,107.674271,28.09,12,99,4687.50,1675495
6.75,78.59,18.56,21.49,51.55,-6.912036,107.674263,28.58,12,99,6280.52,1675702
4.90,90.35,20.92,24.97,64.70,-6.912033,107.674248,28.45,12,99,8569.34,1675911
6.54,92.70,10.66,20.06,27.86,-6.912030,107.674232,28.11,12,99,8694.46,1676118
0.71,87.82,12.94,8.14,29.43,-6.912026,107.674217,28.85,12,99,13172.91,1676325
-2.41,87.51,20.76,25.63,25.43,-6.912023,107.674202,28.09,12,99,16673.28,1676532
-0.76,120.24,10.05,13.18,164.97,-6.912019,107.674194,28.87,12,99,12539.67,1676739
-1.66,120.19,19.27,24.93,17.00,-6.912012,107.674164,29.45,12,99,13381.96,1676946
-1.97,117.14,21.58,24.01,6.25,-6.912012,107.674164,29.45,12,99,10534.67,1677153
-1.17,116.88,26.84,22.95,16.98,-6.912008,107.674149,29.45,12,99,12898.25,1677362
-2.79,108.18,5.58,9.45,34.76,-6.912003,107.674126,29.85,12,99,23200.99,1677569
-1.37,95.99,10.58,17.61,48.28,-6.911999,107.674110,30.02,12,99,25521.85,1677776
0.91,100.36,7.22,7.58,33.09,-6.911995,107.674095,30.28,12,99,21797.18,1677983
-1.70,110.23,19.01,23.30,60.36,-6.911991,107.674080,30.04,12,99,22221.38,1678190
1.90,91.59,17.11,17.18,78.96,-6.911987,107.674065,29.97,12,99,22732.54,1678397
0.83,106.41,2.63,10.47,82.02,-6.911983,107.674057,30.22,12,99,23352.05,1678606
2.21,112.34,7.99,16.74,42.42,-6.911979,107.674042,30.69,12,99,23083.50,1678813
1.37,113.33,17.64,23.46,15.72,-6.911975,107.674026,30.87,12,99,22663.88,1679020
5.03,131.02,24.61,28.33,98.37,-6.911972,107.674011,31.13,12,99,25204.47,1679227
4.17,91.05,22.87,21.76,182.14,-6.911967,107.673996,30.74,12,99,25891.11,1679434
5.31,123.11,24.65,27.59,165.63,-6.911963,107.673981,30.26,12,99,24891.66,1679641
7.01,134.47,17.32,20.76,69.42,-6.911959,107.673965,31.02,12,99,24812.32,1679851
4.31,111.42,14.34,14.79,101.72,-6.911955,107.673950,31.22,12,99,23699.95,1680058
4.50,140.45,7.91,12.07,151.60,-6.911952,107.673935,32.22,12,99,24505.62,1680265
3.52,86.87,28.12,28.22,245.45,-6.911948,107.673920,32.22,12,99,25105.29,1680472
3.14,98.25,13.04,15.59,63.13,-6.911942,107.673897,32.04,12,99,27565.00,1680679
2.61,71.33,28.30,27.84,119.11,-6.911938,107.673882,31.69,12,99,24967.96,1680886
1.00,73.66,13.49,9.99,16.37,-6.911934,107.673866,32.78,12,99,0.00,1681095
-2.28,53.14,28.50,27.93,98.65,-6.911931,107.673851,31.72,12,99,27284.24,1681302
-0.81,103.36,26.43,31.30,250.43,-6.911928,107.673836,32.11,12,99,25273.13,1681509
-0.04,109.71,26.29,31.30,45.25,-6.911923,107.673820,32.45,12,99,26817.32,1681718
0.30,86.26,19.86,23.02,105.25,-6.911919,107.673805,32.11,12,99,27313.23,1681925
-0.41,122.54,29.42,33.97,183.78,-6.911915,107.673782,32.04,12,99,28211.98,1682132
-0.09,113.74,19.62,21.94,31.42,-6.911911,107.673767,32.15,12,99,28263.86,1682342
-2.24,162.49,23.26,28.80,250.55,-6.911908,107.673752,32.43,12,99,21554.57,1682550
-4.01,132.74,22.38,27.31,129.60,-6.911904,107.673737,32.02,12,99,11993.41,1682757
-3.38,128.29,10.44,14.48,8.84,-6.911898,107.673706,31.71,12,99,2143.86,1682965
-5.40,170.69,23.81,28.59,219.82,-6.911898,107.673706,31.71,12,99,4711.91,1683173
-5.09,156.73,15.57,13.56,51.24,-6.911891,107.673683,31.47,12,99,6117.25,1683380
-6.44,140.97,18.70,22.90,61.20,-6.911888,107.673668,30.78,12,99,5041.50,1683589
-2.65,155.58,21.22,26.30,88.65,-6.911884,107.673653,31.21,12,99,2845.76,1683796
-1.82,150.39,9.27,17.87,9.90,-6.911880,107.673637,31.30,12,99,25183.11,1684003
-3.60,115.13,20.35,21.23,157.07,-6.911875,107.673622,29.32,12,99,10917.66,1684210
-1.11,106.24,23.18,28.28,32.58,-6.911871,107.673607,31.13,12,99,3627.01,1684417
0.60,101.67,7.61,12.04,16.59,-6.911867,107.673592,31.06,12,99,1882.93,1684624
-1.13,86.94,26.84,28.31,60.86,-6.911863,107.673576,31.35,12,99,1252.75,1684834
1.22,56.06,20.05,20.55,144.49,-6.911859,107.673561,31.52,12,99,44.25,1685042
-0.34,63.51,12.08,20.84,45.14,-6.911851,107.673531,30.76,12,99,573.73,1685250
-0.58,55.03,24.88,29.65,33.42,-6.911848,107.673515,30.76,12,99,7015.99,1685457
1.27,63.69,15.26,16.40,50.74,-6.911846,107.673508,30.85,12,99,26733.40,1685665
2.52,53.07,19.27,19.69,47.46,-6.911842,107.673492,30.84,12,99,5795.29,1685872
0.77,62.26,21.94,24.78,48.47,-6.911836,107.673470,31.13,12,99,4901.12,1686082
-0.18,65.78,10.50,15.31,31.30,-6.911835,107.673462,30.48,12,99,5038.45,1686289
-3.04,55.57,8.09,14.98,46.43,-6.911830,107.673454,30.56,12,99,6385.80,1686496
-6.68,25.71,20.09,20.96,143.18,-6.911827,107.673439,30.84,12,99,5772.40,1686703
-3.80,26.74,10.07,15.65,18.35,-6.911822,107.673424,31.10,12,99,7266.24,1686910
-3.71,50.74,29.42,33.97,117.54,-6.911818,107.673409,30.22,12,99,17570.50,1687117
-5.75,56.39,23.35,21.36,30.64,-6.911814,107.673393,30.39,12,99,2752.69,1687324
-8.80,57.59,22.39,23.27,26.11,-6.911809,107.673378,30.00,12,99,11344.91,1687533
-8.43,97.36,20.70,24.59,200.88,-6.911805,107.673363,30.34,12,99,16908.26,1687740
-5.63,95.56,34.77,27.33,32.94,-6.911801,107.673347,30.15,12,99,4974.37,1687947
-4.61,117.05,21.66,27.05,116.58,-6.911797,107.673332,30.19,12,99,2337.65,1688154
-7.03,128.12,21.35,24.63,65.96,-6.911789,107.673302,30.28,12,99,921.63,1688361
-4.53,170.44,11.71,13.18,225.98,-6.911787,107.673294,29.78,12,99,62.56,1688568
-5.75,150.50,16.68,17.46,82.23,-6.911782,107.673286,28.97,12,93,57.98,1688777
-7.46,136.57,9.71,12.05,55.88,-6.911777,107.673271,30.26,12,70,151.06,1688984
-7.78,118.26,17.90,24.42,78.15,-6.911777,107.673271,30.26,12,51,123.60,1689191
-11.02,113.84,20.34,19.92,16.52,-6.911767,107.673241,29.35,12,35,164.79,1689398
-11.07,120.23,17.30,20.45,41.15,-6.911762,107.673225,29.37,12,27,141.91,1689605
-12.07,109.91,18.91,23.25,38.15,-6.911757,107.673218,29.37,12,22,129.70,1689812
-10.56,110.33,11.40,20.45,15.35,-6.911751,107.673203,29.04,12,0,155.64,1690021
-8.43,112.09,6.09,6.08,21.65,-6.911743,107.673180,29.71,12,0,129.70,1690228
-8.58,91.54,13.13,19.51,88.46,-6.911743,107.673180,29.71,12,0,149.54,1690435
-8.21,96.83,10.91,14.67,32.53,-6.911734,107.673157,29.98,12,4,80.87,1690643
-7.17,86.09,20.47,23.27,41.88,-6.911728,107.673149,28.84,12,0,103.76,1690850
-5.70,77.42,10.72,19.92,34.88,-6.911722,107.673134,29.67,12,0,135.80,1691057
-0.55,62.60,16.99,16.16,66.84,-6.911716,107.673119,29.45,12,1,120.54,1691266
-7.07,42.31,18.96,17.56,99.84,-6.911705,107.673103,29.30,12,1,77.82,1691474
-7.90,44.37,22.09,26.45,12.57,-6.911698,107.673088,29.35,12,0,111.39,1691681
-10.20,33.17,8.39,11.35,52.71,-6.911692,107.673073,29.67,12,0,129.70,1691888
-9.03,30.68,3.60,9.30,9.65,-6.911678,107.673050,27.72,12,0,129.70,1692095
-6.64,44.90,11.31,14.01,74.32,-6.911678,107.673050,27.72,12,0,141.91,1692303
-6.61,22.67,23.87,22.32,101.01,-6.911672,107.673035,28.47,12,0,97.66,1692512
-4.70,32.48,4.76,12.65,52.58,-6.911664,107.673019,28.72,12,0,111.39,1692719
-1.84,23.72,20.44,22.47,39.97,-6.911656,107.673012,29.35,12,0,106.81,1692926
-1.82,21.41,4.68,12.84,9.99,-6.911648,107.672997,28.93,12,0,119.02,1693133
-2.54,21.42,11.38,18.25,10.96,-6.911636,107.672981,28.82,12,0,94.60,1693341
-3.96,17.68,3.68,8.22,17.67,-6.911632,107.672974,28.82,12,0,106.81,1693548
-3.47,18.09,6.25,12.87,6.22,-6.911623,107.672958,28.71,12,0,140.38,1693755
-1.46,12.59,12.31,14.75,27.81,-6.911615,107.672951,28.85,12,0,131.23,1693964
-1.25,9.67,16.79,17.89,11.31,-6.911607,107.672935,28.47,12,0,115.97,1694171
-0.99,2.26,19.82,20.88,35.43,-6.911593,107.672920,28.80,12,0,111.39,1694378
1.04,10.42,14.62,18.28,42.10,-6.911575,107.672897,28.82,12,0,123.60,1694585
0.12,16.31,13.61,17.95,30.23,-6.911575,107.672897,28.82,12,0,157.17,1694792
-0.27,-1.09,20.54,23.26,83.93,-6.911566,107.672890,28.76,12,0,108.34,1694999
0.36,3.55,12.69,15.26,24.84,-6.911552,107.672874,28.02,12,0,128.17,1695208
0.94,29.83,16.31,21.12,129.60,-6.911547,107.672867,28.67,12,0,134.28,1695415
-0.73,22.82,16.10,15.31,38.27,-6.911538,107.672859,28.04,12,0,144.96,1695622
2.30,1.86,14.35,16.11,102.29,-6.911528,107.672844,28.50,12,0,105.29,1695829
3.83,-3.27,18.25,19.68,19.52,-6.911518,107.672836,28.95,12,0,122.07,1696036
5.52,-26.68,25.03,26.17,112.23,-6.911497,107.672813,28.15,12,0,97.66,1696243
4.12,8.81,20.37,20.08,172.57,-6.911497,107.672813,28.15,12,0,140.38,1696450
0.01,0.60,22.63,28.22,44.10,-6.911486,107.672806,28.47,12,0,126.65,1696659
2.81,9.42,13.63,15.19,50.32,-6.911476,107.672798,28.11,12,0,99.18,1696866
1.56,18.50,15.73,11.39,53.88,-6.911465,107.672791,28.13,12,0,128.17,1697073
1.15,15.88,9.86,9.27,12.45,-6.911448,107.672775,27.59,12,1,134.28,1697281
1.09,11.24,10.01,11.35,21.49,-6.911438,107.672768,28.39,12,0,126.65,1697488
-1.19,22.43,8.13,4.01,55.75,-6.911427,107.672760,27.74,12,0,141.91,1697695
-0.92,28.82,22.19,26.15,32.10,-6.911415,107.672752,27.78,12,0,123.60,1697904
0.90,39.96,20.42,20.63,59.25,-6.911404,107.672737,28.59,12,1,112.92,1698112
1.45,37.61,8.64,7.64,8.57,-6.911393,107.672729,27.71,12,0,160.22,1698319
0.81,22.39,6.42,15.47,71.13,-6.911382,107.672722,27.39,12,2,99.18,1698526
0.94,73.49,27.81,30.15,250.23,-6.911370,107.672714,26.78,12,11,173.95,1698733
1.59,67.29,20.95,23.32,26.69,-6.911358,107.672707,27.76,12,19,192.26,1698940
0.66,72.92,19.55,22.84,37.42,-6.911346,107.672699,27.30,12,23,10.68,1699147
1.88,61.50,20.92,25.69,48.76,-6.911346,107.672699,27.30,12,33,566.10,1699356
2.25,72.90,19.98,23.73,62.71,-6.911324,107.672684,27.02,12,41,895.69,1699563
2.40,66.39,9.08,15.70,23.22,-6.911311,107.672676,26.78,12,44,727.84,1699770
1.61,71.29,11.57,15.80,31.61,-6.911287,107.672668,27.41,12,45,463.87,1699977
2.23,67.39,9.41,8.76,13.11,-6.911275,107.672661,27.41,12,43,402.83,1700184
1.02,85.88,21.33,21.54,95.94,-6.911269,107.672653,26.91,12,11,148.01,1700391
0.14,118.93,22.24,21.05,169.52,-6.911257,107.672653,26.09,12,4,210.57,1700600
2.84,134.64,20.12,24.16,89.50,-6.911245,107.672646,26.54,12,0,141.91,1700807
0.79,123.68,20.63,22.13,43.03,-6.911232,107.672638,26.04,12,0,120.54,1701014
1.35,160.53,11.28,14.87,189.08,-6.911221,107.672638,25.71,12,1,90.03,1701221
-0.85,170.52,20.82,23.89,74.02,-6.911209,107.672630,25.76,12,0,64.09,1701429
-0.05,166.33,28.35,27.36,11.33,-6.911196,107.672623,26.00,12,3,102.23,1701636
-0.09,152.68,6.87,12.01,52.28,-6.911184,107.672623,25.87,12,0,138.85,1701845
-0.66,134.85,7.43,17.03,72.35,-6.911172,107.672615,25.58,12,2,120.54,1702053
-1.47,136.30,17.07,17.29,17.82,-6.911160,107.672607,25.71,12,0,137.33,1702260
0.60,125.22,23.56,25.86,40.15,-6.911147,107.672607,25.48,12,0,83.92,1702467
2.88,107.62,23.91,29.28,73.28,-6.911135,107.672600,25.56,12,0,141.91,1702674
2.97,92.08,11.79,12.74,69.60,-6.911110,107.672592,25.72,12,0,32.04,1702881
0.35,92.64,27.41,23.28,14.28,-6.911104,107.672592,25.35,12,0,122.07,1703088
0.70,86.76,9.69,17.15,19.27,-6.911092,107.672585,25.45,12,0,70.19,1703297
1.50,76.08,8.09,17.11,48.42,-6.911079,107.672585,24.78,12,0,96.13,1703503
3.32,81.68,20.08,20.45,37.44,-6.911067,107.672577,25.58,12,0,114.44,1703710
1.00,77.69,9.53,16.41,20.55,-6.911055,107.672577,25.72,12,2,106.81,1703917
2.19,48.03,24.72,26.15,135.16,-6.911043,107.672569,24.80,12,1,143.43,1704124
4.30,36.13,24.65,27.85,50.25,-6.911043,107.672569,24.80,12,0,125.12,1704331
4.16,47.97,19.96,22.42,61.00,-6.911018,107.672569,24.85,12,0,134.28,1704540
4.91,51.57,9.40,16.30,25.58,-6.911005,107.672569,25.21,12,0,105.29,1704747
5.83,47.82,21.85,24.36,12.75,-6.910993,107.672562,24.46,12,0,161.74,1704954
3.10,68.34,28.40,27.98,101.91,-6.910981,107.672562,24.95,12,0,129.70,1705161
1.80,64.17,20.25,22.69,15.64,-6.910962,107.672562,24.45,12,0,126.65,1705368
0.63,55.68,21.05,25.55,37.34,-6.910962,107.672562,24.45,12,0,123.60,1705575
-2.60,57.28,21.54,25.50,26.20,-6.910931,107.672554,24.50,12,0,135.80,1705785
-2.87,66.58,9.76,14.23,49.18,-6.910919,107.672554,24.50,12,0,157.17,1705992
-3.52,69.79,20.14,23.58,22.92,-6.910919,107.672554,24.50,12,0,120.54,1706199
-1.19,78.84,12.45,11.95,55.13,-6.910901,107.672554,24.37,12,0,117.49,1706406
-1.79,75.62,7.89,8.26,12.12,-6.910889,107.672546,25.06,12,0,109.86,1706613
-2.44,69.89,8.81,16.15,23.76,-6.910876,107.672546,24.30,12,0,122.07,1706820
-0.38,94.97,19.94,22.50,131.35,-6.910864,107.672546,23.43,12,0,109.86,1707028
-1.10,72.93,23.13,27.64,97.79,-6.910840,107.672546,23.93,12,0,115.97,1707238
0.38,69.30,20.12,18.28,10.28,-6.910840,107.672546,23.93,12,0,24.41,1707445
-1.13,36.65,20.34,23.05,153.69,-6.910828,107.672546,23.28,12,0,132.75,1707652
-1.02,6.54,23.54,27.37,142.23,-6.910816,107.672546,23.32,12,0,140.38,1707859
-3.63,-0.84,9.36,10.37,37.40,-6.910804,107.672546,23.65,12,0,132.75,1708066
-4.88,-2.85,7.15,10.74,12.37,-6.910786,107.672546,23.32,12,0,103.76,1708273
-3.32,-1.54,13.15,16.40,17.06,-6.910768,107.672546,23.15,12,0,83.92,1708482
-1.73,-27.95,20.52,21.66,129.37,-6.910768,107.672546,23.15,12,3,117.49,1708689
-2.01,-21.45,13.33,20.36,27.53,-6.910744,107.672546,23.15,12,0,141.91,1708896
-0.51,-14.75,17.46,14.41,33.12,-6.910744,107.672546,23.15,12,2,144.96,1709103
-1.71,-11.02,10.76,5.94,13.23,-6.910721,107.672554,23.00,12,0,115.97,1709310
2.08,8.21,11.49,19.36,96.82,-6.910715,107.672554,22.37,12,1,134.28,1709518
1.98,1.78,20.16,24.00,33.27,-6.910704,107.672554,22.52,12,0,73.24,1709728
3.91,-3.44,5.21,14.14,29.09,-6.910693,107.672554,21.98,12,0,141.91,1709935
4.04,-21.75,22.84,24.92,88.42,-6.910676,107.672554,22.26,12,0,126.65,1710142
2.81,-21.33,9.31,4.03,7.88,-6.910670,107.672554,21.87,12,0,132.75,1710349
1.13,-15.74,6.85,7.90,22.90,-6.910659,107.672562,22.09,12,0,146.48,1710555
-3.25,-13.53,9.62,13.67,23.59,-6.910648,107.672562,22.06,12,0,138.85,1710762
-2.82,-11.75,12.72,20.03,9.54,-6.910637,107.672562,22.04,12,0,62.56,1710969
-1.84,-13.92,3.79,8.46,11.43,-6.910626,107.672562,21.87,12,0,128.17,1711178
-1.30,-28.59,11.45,12.53,72.41,-6.910615,107.672569,21.95,12,0,129.70,1711385
-2.51,-27.14,12.91,12.32,6.90,-6.910604,107.672569,21.52,12,0,180.05,1711592
-2.13,-28.41,13.22,20.27,6.28,-6.910594,107.672569,21.67,12,0,100.71,1711799
-4.02,-29.06,22.60,19.68,28.84,-6.910583,107.672569,21.95,12,0,222.78,1712006
-2.35,-28.38,17.74,24.34,6.31,-6.910572,107.672569,21.54,12,0,140.38,1712213
-3.53,-19.42,5.65,14.54,43.90,-6.910556,107.672577,21.52,12,0,137.33,1712422
-3.69,-38.53,17.10,21.07,97.22,-6.910546,107.672577,21.41,12,0,138.85,1712629
-4.22,-37.27,7.58,15.27,5.84,-6.910546,107.672577,21.41,12,0,100.71,1712836
-4.41,-43.54,6.27,6.84,33.70,-6.910525,107.672585,21.00,12,0,250.24,1713045
-2.10,-47.34,16.67,18.00,26.82,-6.910525,107.672585,21.00,12,0,117.49,1713252
-0.54,-37.85,21.64,27.15,42.43,-6.910506,107.672592,20.39,12,0,132.75,1713459
-1.06,-40.64,10.24,13.68,21.89,-6.910496,107.672592,19.80,12,0,117.49,1713667
2.62,-37.08,24.76,27.86,21.82,-6.910487,107.672592,19.09,12,0,123.60,1713874
1.00,-40.42,12.28,15.13,21.48,-6.910477,107.672600,19.54,12,0,132.75,1714081
0.53,-36.63,20.58,23.68,15.91,-6.910463,107.672600,20.61,12,0,161.74,1714288
-2.88,-36.74,6.19,14.00,16.55,-6.910463,107.672600,20.61,12,0,143.43,1714495
-0.17,-30.45,13.38,17.92,33.09,-6.910441,107.672607,18.69,12,0,129.70,1714702
3.28,-44.67,14.41,17.11,71.80,-6.910432,107.672615,18.69,12,0,112.92,1714909
4.73,-44.51,5.63,5.41,4.87,-6.910432,107.672615,18.69,12,0,120.54,1715118
2.68,-47.26,20.90,25.64,21.36,-6.910419,107.672615,18.45,12,0,123.60,1715325
2.03,-76.31,20.42,22.09,147.20,-6.910411,107.672623,17.87,12,0,138.85,1715532
3.23,-76.96,6.39,10.68,16.55,-6.910402,107.672623,18.37,12,0,138.85,1715739
1.92,-88.46,13.09,16.39,62.19,-6.910394,107.672630,17.76,12,0,126.65,1715946
1.91,-76.18,15.16,20.23,48.89,-6.910386,107.672630,17.72,12,0,119.02,1716153
2.00,-59.08,18.29,24.44,76.64,-6.910386,107.672630,17.72,12,0,108.34,1716362
4.03,-50.14,12.29,16.44,40.27,-6.910370,107.672638,17.32,12,0,99.18,1716569
2.73,-47.22,15.89,20.23,11.40,-6.910362,107.672638,17.37,12,0,119.02,1716776
4.82,-73.98,20.07,20.40,137.86,-6.910355,107.672646,16.85,12,0,140.38,1716983
4.46,-80.78,19.70,21.64,41.83,-6.910347,107.672646,17.04,12,0,115.97,1717190
5.02,-86.03,11.15,17.59,33.52,-6.910328,107.672653,16.93,12,0,138.85,1717397
6.11,-68.26,18.88,23.59,77.10,-6.910328,107.672653,16.93,12,0,109.86,1717606
6.70,-70.18,7.17,7.39,13.24,-6.910321,107.672661,15.93,12,0,122.07,1717813
8.12,-63.19,5.56,11.45,28.11,-6.910314,107.672661,15.67,12,0,125.12,1718020
8.14,-47.76,21.57,24.59,72.24,-6.910314,107.672661,15.67,12,0,129.70,1718228
9.26,-40.10,12.68,18.20,33.84,-6.910300,107.672668,15.54,12,0,123.60,1718435
10.11,-33.23,10.43,17.48,31.14,-6.910294,107.672676,14.69,12,0,126.65,1718642
11.63,-27.23,7.57,8.38,29.14,-6.910287,107.672676,13.93,12,0,120.54,1718849
9.86,-33.26,12.04,17.96,33.46,-6.910281,107.672676,14.24,12,0,132.75,1719058
8.94,-32.27,13.94,18.73,5.69,-6.910275,107.672684,13.33,12,0,117.49,1719265
8.60,-24.56,4.35,12.91,36.62,-6.910270,107.672684,13.56,12,0,119.02,1719472
8.85,-19.34,16.22,22.42,24.40,-6.910264,107.672691,13.28,12,0,125.12,1719679
8.27,-17.40,4.28,9.45,8.01,-6.910258,107.672691,12.59,12,0,135.80,1719886
9.54,-18.41,5.03,7.29,6.39,-6.910253,107.672699,11.96,12,0,137.33,1720093
10.05,-18.48,8.42,15.95,2.41,-6.910248,107.672699,11.87,12,0,135.80,1720302
9.66,-10.67,13.70,17.44,35.59,-6.910243,107.672699,11.87,12,0,128.17,1720509
9.25,-9.13,6.23,10.93,10.61,-6.910239,107.672707,10.67,12,0,137.33,1720716
8.89,-12.20,1.36,10.78,15.79,-6.910234,107.672707,10.59,12,0,134.28,1720923
8.25,-12.31,4.07,8.24,3.37,-6.910230,107.672714,10.54,12,0,119.02,1721130
8.11,-15.34,7.36,9.96,14.65,-6.910226,107.672714,9.76,12,0,122.07,1721338
8.52,-11.41,1.63,10.97,18.09,-6.910222,107.672714,9.76,12,0,120.54,1721545
8.23,-12.30,5.29,12.20,5.70,-6.910217,107.672722,8.61,12,0,128.17,1721754
8.20,-9.57,2.39,10.76,11.89,-6.910213,107.672722,8.41,12,0,137.33,1721961
8.70,-8.28,0.62,9.48,6.24,-6.910211,107.672722,7.41,12,0,135.80,1722168
9.05,-9.31,3.53,11.35,5.12,-6.910208,107.672729,6.74,12,0,119.02,1722375
9.01,-7.00,2.59,11.33,10.73,-6.910205,107.672729,6.43,12,0,137.33,1722582
8.98,-5.63,2.53,11.57,6.93,-6.910203,107.672729,5.96,12,0,126.65,1722789
8.79,-6.34,1.44,8.90,3.73,-6.910202,107.672729,4.98,12,0,132.75,1722998
8.30,-6.00,1.10,10.77,2.46,-6.910199,107.672729,5.44,12,0,114.44,1723205
8.12,-7.65,1.67,10.69,8.33,-6.910197,107.672737,4.74,12,0,128.17,1723412
7.94,-7.94,1.73,9.32,2.57,-6.910195,107.672737,4.00,12,0,129.70,1723619
7.84,-8.81,1.86,11.00,4.47,-6.910193,107.672737,3.63,12,0,138.85,1723826
7.44,-8.70,0.42,9.49,1.83,-6.910192,107.672737,3.00,12,0,119.02,1724033
7.52,-8.79,0.76,9.92,1.13,-6.910189,107.672737,2.93,12,0,120.54,1724240
7.49,-8.43,0.91,9.88,1.47,-6.910189,107.672737,2.93,12,0,132.75,1724449
7.44,-8.79,0.77,9.71,2.22,-6.910188,107.672745,2.09,12,0,132.75,1724656
7.41,-8.67,1.17,9.77,0.45,-6.910187,107.672745,1.39,12,0,132.75,1724863
7.37,-8.59,0.44,10.07,0.58,-6.910186,107.672745,1.30,12,0,119.02,1725070
7.31,-8.58,0.29,9.87,0.70,-6.910185,107.672745,1.22,12,0,129.70,1725277
7.28,-8.65,0.44,9.90,1.06,-6.910185,107.672745,0.31,12,0,120.54,1725484
7.22,-8.58,0.56,10.02,0.40,-6.910185,107.672745,0.30,12,0,122.07,1725691
7.19,-8.32,0.49,9.89,0.79,-6.910185,107.672745,0.31,12,0,135.80,1725900
7.14,-8.50,0.39,9.86,1.58,-6.910185,107.672745,0.70,12,0,119.02,1726107
7.10,-8.47,0.34,9.82,0.58,-6.910185,107.672745,0.17,12,0,134.28,1726314
7.02,-8.57,0.31,9.94,1.22,-6.910185,107.672745,0.24,12,0,135.80,1726521
6.98,-8.37,0.48,9.83,0.53,-6.910185,107.672745,0.33,12,0,126.65,1726728
6.91,-8.48,0.35,9.90,1.26,-6.910185,107.672745,0.33,12,0,135.80,1726935
6.86,-8.62,0.48,9.84,1.37,-6.910184,107.672745,0.43,12,0,123.60,1727144
6.79,-8.74,0.49,9.85,1.24,-6.910184,107.672745,0.13,12,0,129.70,1727351
6.74,-8.72,0.41,9.88,0.65,-6.910184,107.672745,0.26,12,0,137.33,1727558
6.67,-8.73,0.27,9.83,0.79,-6.910184,107.672745,0.39,12,0,120.54,1727765
6.68,-8.72,0.47,9.99,0.84,-6.910184,107.672745,0.26,12,0,120.54,1727972
6.75,-8.31,0.54,9.77,1.64,-6.910184,107.672745,0.22,12,0,123.60,1728179
6.72,-8.45,0.51,9.92,1.30,-6.910185,107.672752,0.43,12,0,129.70,1728386
6.63,-8.34,0.28,9.75,0.34,-6.910185,107.672752,0.26,12,0,134.28,1728597
6.65,-8.43,0.50,9.91,1.20,-6.910185,107.672752,0.46,12,0,123.60,1728804
6.61,-8.95,0.50,9.94,3.19,-6.910185,107.672752,0.11,12,0,132.75,1729011
6.60,-9.03,0.44,9.92,1.11,-6.910185,107.672752,0.11,12,0,122.07,1729218
6.58,-9.05,0.34,9.87,0.96,-6.910185,107.672752,0.15,12,0,123.60,1729426
6.59,-9.07,0.46,9.94,0.91,-6.910185,107.672752,0.35,12,0,120.54,1729633
6.56,-9.06,0.41,9.86,0.73,-6.910185,107.672752,0.50,12,0,134.28,1729841
6.55,-9.16,0.45,9.85,1.24,-6.910185,107.672752,0.07,12,0,129.70,1730050
6.52,-9.18,0.34,9.93,0.89,-6.910185,107.672752,0.52,12,0,117.49,1730258
6.42,-9.34,0.29,9.91,1.55,-6.910185,107.672752,0.17,12,0,126.65,1730465
6.35,-9.42,0.29,9.85,1.21,-6.910185,107.672752,0.24,12,0,131.23,1730672
6.29,-9.42,0.27,9.83,0.84,-6.910185,107.672752,0.11,12,0,129.70,1730879
6.29,-9.43,0.35,9.83,0.92,-6.910185,107.672752,0.43,12,0,123.60,1731086
6.28,-9.38,0.36,9.92,0.65,-6.910185,107.672752,0.37,12,0,126.65,1731293
6.25,-9.46,0.45,9.98,1.11,-6.910184,107.672752,0.69,12,0,117.49,1731502
6.20,-9.46,0.38,9.88,0.83,-6.910184,107.672752,0.69,12,0,122.07,1731709
6.20,-9.46,0.39,9.88,0.81,-6.910184,107.672752,0.37,12,0,128.17,1731916
6.13,-9.48,0.40,9.75,0.84,-6.910184,107.672752,0.31,12,0,128.17,1732123
6.09,-9.47,0.43,9.84,0.67,-6.910184,107.672752,0.19,12,0,122.07,1732330
6.10,-9.49,0.40,9.91,0.97,-6.910184,107.672752,0.44,12,0,122.07,1732537
6.10,-9.58,0.42,9.83,1.21,-6.910184,107.672752,0.30,12,0,119.02,1732746
6.06,-9.48,0.36,9.92,0.48,-6.910184,107.672752,0.30,12,0,123.60,1732953
6.11,-9.79,0.70,9.86,2.32,-6.910184,107.672752,0.30,12,0,134.28,1733160
6.13,-9.55,0.39,9.88,0.69,-6.910183,107.672752,0.09,12,0,119.02,1733367
6.12,-9.56,0.32,9.86,1.00,-6.910183,107.672752,0.57,12,0,115.97,1733574
6.11,-9.56,0.42,9.87,0.82,-6.910183,107.672752,0.22,12,0,120.54,1733781
6.09,-9.48,0.32,9.87,0.64,-6.910183,107.672752,0.04,12,0,129.70,1733988
6.06,-9.39,0.31,9.97,0.51,-6.910183,107.672752,0.30,12,0,128.17,1734197
6.03,-9.40,0.34,9.90,0.84,-6.910183,107.672752,0.13,12,0,132.75,1734404
6.04,-9.31,0.40,9.86,0.63,-6.910183,107.672752,0.17,12,0,122.07,1734611
6.00,-9.25,0.20,9.79,0.75,-6.910182,107.672760,0.33,12,0,122.07,1734818
6.04,-9.12,0.45,9.88,0.81,-6.910182,107.672760,0.54,12,0,131.23,1735026
6.08,-9.41,0.58,9.80,2.04,-6.910183,107.672760,0.11,12,0,119.02,1735233
6.05,-9.29,0.34,9.88,0.36,-6.910183,107.672760,0.35,12,0,134.28,1735440
6.05,-9.31,0.38,9.90,1.00,-6.910183,107.672760,0.09,12,0,132.75,1735649
6.04,-9.27,0.29,9.89,0.83,-6.910183,107.672760,0.09,12,0,131.23,1735856
6.04,-9.35,0.37,9.94,1.19,-6.910182,107.672752,0.09,12,0,122.07,1736063
6.07,-9.40,0.34,9.95,1.12,-6.910182,107.672752,0.09,12,0,125.12,1736270
6.00,-10.14,0.90,9.73,4.09,-6.910182,107.672752,0.19,12,0,128.17,1736477
6.02,-10.18,0.46,9.89,1.02,-6.910182,107.672752,0.09,12,0,132.75,1736684
5.96,-10.10,0.29,9.84,0.48,-6.910182,107.672752,0.41,12,0,125.12,1736891
5.88,-10.14,0.43,9.92,1.01,-6.910182,107.672752,0.09,12,0,131.23,1737100
5.93,-10.09,0.44,9.77,0.82,-6.910182,107.672752,0.37,12,0,128.17,1737307
5.87,-10.05,0.59,9.81,0.63,-6.910182,107.672752,0.54,12,0,131.23,1737514
5.86,-10.13,0.52,9.93,1.15,-6.910182,107.672752,0.41,12,0,129.70,1737721
5.80,-10.03,0.51,9.90,0.47,-6.910182,107.672752,0.20,12,0,128.17,1737928
5.78,-10.19,0.49,9.90,1.52,-6.910182,107.672752,0.15,12,0,129.70,1738135
5.79,-9.99,0.76,9.73,1.05,-6.910182,107.672752,0.11,12,0,0.00,1738344
5.72,-10.01,0.15,9.94,1.13,-6.910182,107.672752,0.11,12,0,10.68,1738551
5.69,-9.95,0.37,9.91,0.62,-6.910182,107.672752,0.00,12,0,7.63,1738758
5.69,-9.93,0.43,9.85,0.75,-6.910182,107.672752,0.00,12,0,13.73,1738965
5.68,-9.87,0.32,9.85,0.69,-6.910183,107.672752,0.00,12,0,10.68,1739172
5.62,-9.84,0.43,9.87,0.78,-6.910183,107.672752,0.28,12,0,12.21,1739379
5.61,-9.88,0.44,9.90,0.99,-6.910183,107.672752,0.26,12,0,6.10,1739586
5.59,-9.94,0.40,9.87,1.10,-6.910183,107.672752,0.13,12,0,6.10,1739795
5.62,-9.86,0.39,9.91,0.63,-6.910183,107.672752,0.07,12,0,7.63,1740002
5.62,-9.89,0.33,9.93,1.04,-6.910184,107.672752,0.15,12,0,0.00,1740209
5.58,-9.80,0.21,9.83,0.51,-6.910184,107.672760,0.15,12,0,7.63,1740416
5.61,-9.77,0.42,10.01,0.96,-6.910184,107.672760,0.07,12,0,7.63,1740623
5.63,-9.96,0.79,9.76,1.53,-6.910184,107.672760,0.06,12,0,6.10,1740830
5.59,-9.47,0.35,9.87,1.59,-6.910184,107.672760,0.24,12,0,9.16,1741037
5.52,-10.21,1.27,10.03,4.20,-6.910184,107.672760,0.19,12,0,6.10,1741246
5.45,-10.66,0.65,9.93,2.94,-6.910184,107.672760,0.52,12,0,0.00,1741453
5.43,-11.24,0.98,9.90,3.61,-6.910184,107.672760,0.15,12,0,9.16,1741660
5.45,-11.53,0.79,9.93,2.23,-6.910185,107.672760,0.37,12,0,6.10,1741867
5.38,-11.47,0.37,10.02,0.76,-6.910185,107.672760,0.31,12,0,0.00,1742074
5.34,-11.57,0.50,9.87,1.32,-6.910185,107.672760,0.33,12,0,6.10,1742280
5.30,-8.92,1.36,9.38,12.14,-6.910185,107.672760,0.19,12,0,9.16,1742487
5.24,-8.90,0.50,9.86,0.53,-6.910185,107.672760,0.39,12,0,10.68,1742696
5.24,-8.68,0.57,9.80,0.69,-6.910185,107.672760,0.33,12,0,6.10,1742903
